<?xml version="1.0" encoding="UTF-8"?>
<addon id="plugin.video.tvdominicana"
       name="TV Dominicana"
       version="0.0.4"
       provider-name="the-one">
  <requires>
    <import addon="xbmc.python" version="2.0"/>
	<import addon="script.module.t0mm0.common" version="0.0.1"/>
  </requires>
  <extension point="xbmc.python.pluginsource"
            library="default.py">
        <provides>video</provides>
  </extension>
  <extension point="xbmc.addon.metadata">
    <summary lang="en">TV Dominicana</summary>
    <description lang="en">TV Dominicana[CR][COLOR blue]www.[B]XUNITYTALK[/B].com[/COLOR]</description>	
    <platform>all</platform>
  </extension>
</addon>
