﻿<?xml version="1.0" encoding="UTF-8" standalone="yes"?>
<addon id="plugin.video.yyets"
    name="人人影视(YYETS)"
    version="0.0.6"
    provider-name="yxblog">
	<requires>
		<import addon="script.thunder.player"  version="0.1.7"  optional="false"/>
		<import addon="script.module.keyboard.chinese"  version="1.2.8"  optional="true"/>	
	</requires>
    <extension point="xbmc.python.script" library="default.py">
        <provides>video</provides>
    </extension>
    <extension point="xbmc.addon.metadata">
        <summary lang="en">人人影视</summary>
        <summary lang="zh">人人影视</summary>
        <description lang="en">人人影视</description>
        <description lang="zh">人人影视</description>
        <platform>all</platform>
    </extension>
</addon>