<?xml version="1.0"?>
<channels>
  <channel>
    <name>Laos Live TV Channels</name>
    <info>Watch Live Laos TV Broadcasts</info>

	<item> 
	<title>Sabaidee Lao TV</title> 
	<link>rtmp://livefta.malimarserver.com/ftaedge/laous.sdp swfUrl=http://www.laoscities.com/sabaideelaotv/wp-content/themes/shopperpress/thumbs/jw-player-plugin-for-wordpress/player/player.swf pageUrl=http://www.sabaideelaotv.com/ swfVfy=true live=true</link>
	<thumbnail>https://encrypted-tbn3.gstatic.com/images?q=tbn:ANd9GcTNoUcL8YcA5n6S52w6SVf_LwhSE1ROtKVAjzttZLVjK3Z418qr</thumbnail> 
	</item>
 
	<item> 
	<title>Malimar TV Non Stop Music Live from Laos</title> 
	<link>rtmp://livefta.malimarserver.com/ftaedge/malimar.sdp swfUrl=http://aseaniptv.com/modules/mod_playerjr_ad/player-licensed5.swf pageUrl=http://aseaniptv.com/laotv swfVfy=true live=true</link> 
	<thumbnail>http://aseaniptv.com/images/player_malimartv_logo.png</thumbnail> 
	</item>

	<item> 
	<title>TV Lao</title> 
	<link>rtmp://liveplay2.malimarserver.com/liveedge/tvlao.stream swfUrl=http://aseaniptv.com/modules/mod_playerjr_ad/player-licensed5.swf pageUrl=http://aseaniptv.com/laotv swfVfy=true live=true</link> 
	<thumbnail>http://aseaniptv.com/asean_images/tvlao.jpg</thumbnail> 
	</item>


	<item> 
	<title>Lao PSTV</title>
	<link>rtmp://liveplay2.malimarserver.com/liveedge/laopstv.stream swfUrl=http://aseaniptv.com/media/jwadvanced/player/6/jwplayer.flash.swf swfVfy=true live=true pageUrl=http://aseaniptv.com/laotv</link>
	<thumbnail>http://aseaniptv.com/images/player_laopstv_logo.png</thumbnail> 
	</item>

	<item> 
	<title>Lao National TV</title>
	<link>rtmp://liveplay2.malimarserver.com/liveedge/lntv3.stream swfUrl=http://aseaniptv.com/media/jwadvanced/player/6/jwplayer.flash.swf swfVfy=true live=true pageUrl=http://aseaniptv.com/laotv</link>
	<thumbnail>http://aseaniptv.com/images/player_lntv3_logo.png</thumbnail> 
	</item>

	<item> 
	<title>MV Lao</title> 
	<link>rtmp://liveplay2.malimarserver.com/liveedge/mvlao.stream swfUrl=http://aseaniptv.com/modules/mod_playerjr_ad/player-licensed5.swf swfVfy=true live=true pageUrl=http://aseaniptv.com/laotv</link>
	<thumbnail>http://aseaniptv.com/asean_images/mvlaoHD.jpg</thumbnail> 
	</item>

	<item> 
	<title>Good Idea TV </title> 
	<link>rtmp://98.112.144.58/live/server1/livestream swfUrl=http://www.goodideatv.tv/jwplayer/jwplayer.flash.swf swfVfy=true live=true pageUrl=http://www.goodideatv.tv/</link>
	<thumbnail>https://si0.twimg.com/profile_images/483766700/Goodidea_TV01.png</thumbnail> 
	</item>

	<item> 
	<title>Nu Vision TV </title> 
	<link>rtmp://69.64.68.92:1935/live/nuvision2.stream swfUrl=http://www.laoscities.com/wp-content/themes/directorypress/thumbs//jw-player-plugin-for-wordpress/player/player.swf swfVfy=true live=true pageUrl=http://www.laoscities.com/live-tv/good-idea-tv/</link>
	<thumbnail>http://nuvisiontv.com/images/ewLogo.png</thumbnail> 
	</item>


  </channel>
</channels>
