<window type="window">
	<defaultcontrol>12</defaultcontrol>
	<coordinates>
		<system>1</system>
		<posx>0</posx>
		<posy>0</posy>
	</coordinates>
	<allowoverlay>no</allowoverlay>
<controls>
		<control type="image">
			<posx>0</posx>
			<posy>0</posy>
			<width>1280</width>
			<height>720</height>
			<texture>video_loading.png</texture>
		</control>
		<control type="image" id='1'>
			<posx>10</posx>
			<posy>10</posy>
			<width>280</width>
			<height>420</height>
			<texture></texture>
		</control>
		  <control type="label" id='2'>
				<posx>310</posx>
				<posy>10</posy>
				<width>600</width>
				<height>50</height>
				<align>left</align>
				<visible>true</visible>
				<label></label>
				<font>font30</font>
				<textcolor>FFFFFFFF</textcolor>
				<shadowcolor>00000000</shadowcolor>
		  </control>

		  <control type="label" id='9'>
				<posx>310</posx>
				<posy>60</posy>
				<width>920</width>
				<height>250</height>
				<align>left</align>
				<visible>true</visible>
				<label>内容</label>
				<font>font26</font>
				<textcolor>FFFFFFFF</textcolor>
				<shadowcolor>00000000</shadowcolor>
				<wrapmultiline>true</wrapmultiline>
		  </control>
<control type="list" id="12">
      <posx>300</posx>
      <posy>350</posy>
      <width>900</width>
      <height>52</height>
      <ondown>10</ondown>
	  <onleft>-</onleft>
      <orientation>horizontal</orientation>
      <onleft>120</onleft>
      <pagecontrol>25</pagecontrol>
      <scrolltime tween="sine" easing="out">200</scrolltime>
      <itemlayout width="105" height="30">
		<control type="label">
			<posx>5</posx>
			<posy>3</posy>
			<width>100</width>
			<height>22</height>
			<font>font20</font>
			<align>left</align>
			<selectedcolor>green</selectedcolor>
			<align>left</align>
			<info>ListItem.Label</info>
		</control>
      </itemlayout>
      <focusedlayout height="30" width="105">
		<control type="image">
			<width>100</width>
			<height>40</height>
			<posx>0</posx>
			<posy>0</posy>
			<visible>Control.HasFocus(12)</visible>
			<texture>collect_focus_mm.png</texture>
		</control>
		<control type="label">
			<posx>5</posx>
			<posy>3</posy>
			<width>100</width>
			<height>22</height>
			<font>font20</font>
			<align>left</align>
			<selectedcolor>green</selectedcolor>
			<align>left</align>
			<info>ListItem.Label</info>
		</control>
      </focusedlayout>

</control>
<control type="list" id="10">
      <posx>300</posx>
      <posy>390</posy>
      <width>900</width>
      <height>52</height>
      <ondown>11</ondown>
	  <onup>12</onup>
      <onleft>120</onleft>
      <orientation>horizontal</orientation>
      <pagecontrol>25</pagecontrol>
      <scrolltime tween="sine" easing="out">200</scrolltime>
      <itemlayout width="110" height="30">
		<control type="label">
			<posx>10</posx>
			<posy>3</posy>
			<width>100</width>
			<height>22</height>
			<font>font20</font>
			<align>left</align>
			<selectedcolor>green</selectedcolor>
			<align>left</align>
			<info>ListItem.Label</info>
		</control>
      </itemlayout>
      <focusedlayout height="30" width="110">
		<control type="image">
			<width>110</width>
			<height>40</height>
			<posx>0</posx>
			<posy>0</posy>
			<visible>Control.HasFocus(10)</visible>
			<texture>collect_focus_mm.png</texture>
		</control>
		<control type="label">
			<posx>10</posx>
			<posy>3</posy>
			<width>100</width>
			<height>22</height>
			<font>font20</font>
			<align>left</align>
			<selectedcolor>green</selectedcolor>
			<align>left</align>
			<info>ListItem.Label</info>
		</control>
      </focusedlayout>

</control>
<control type="list" id="11">
      <posx>300</posx>
      <posy>440</posy>
      <width>900</width>
      <height>280</height>
      <ondown>-</ondown>
      <onleft>120</onleft>
	  <onup>10</onup>
      <pagecontrol>25</pagecontrol>
      <scrolltime tween="sine" easing="out">200</scrolltime>
      <itemlayout width="900" height="30">
		<control type="label">
			<posx>10</posx>
			<posy>3</posy>
			<width>850</width>
			<height>22</height>
			<font>font20</font>
			<align>left</align>
			<selectedcolor>green</selectedcolor>
			<align>left</align>
			<info>ListItem.Label</info>
		</control>
      </itemlayout>
      <focusedlayout height="30" width="900">
		<control type="image">
			<width>900</width>
			<height>40</height>
			<posx>0</posx>
			<posy>0</posy>
			<visible>Control.HasFocus(11)</visible>
			<texture>set_sele_bar.png</texture>
		</control>
		<control type="label">
			<posx>10</posx>
			<posy>3</posy>
			<width>850</width>
			<height>22</height>
			<font>font20</font>
			<align>left</align>
			<selectedcolor>green</selectedcolor>
			<align>left</align>
			<info>ListItem.Label</info>
		</control>
      </focusedlayout>

</control>
<control type="button" id="120">
      <posx>50</posx>
      <posy>500</posy>
      <width>184</width>
      <height>89</height>
      <visible>true</visible>
      <texturefocus>zhuiju_h.9.png</texturefocus>
      <texturenofocus>zhuiju_n.9.png</texturenofocus>
      <font>font30</font>
      <textcolor>FFFFFFFF</textcolor>
	  <textwidth>100</textwidth>
      <textoffsetx>70</textoffsetx>
      <textoffsety>15</textoffsety>
      <onup>10</onup>
      <onright>11</onright>
</control>

</controls>
</window>
