<window type="window">
	<defaultcontrol>10</defaultcontrol>
	<coordinates>
		<system>1</system>
		<posx>0</posx>
		<posy>0</posy>
	</coordinates>
	<allowoverlay>no</allowoverlay>
	<controls>
<control type="image">
	      <description>首页背景</description>
			<posx>0</posx>
			<posy>0</posy>
			<width>1280</width>
			<height>720</height>
			<texture>video_loading.png</texture>
</control>
<control type="image">
	      <description>图标</description>
			<posx>40</posx>
			<posy>5</posy>
			<width>165</width>
			<height>71</height>
			<texture>icon.png</texture>
</control>
<control type="list" id="10">
      <description>首页菜单</description>
      <posx>270</posx>
      <posy>20</posy>
      <width>900</width>
      <height>52</height>
      <ondown>9</ondown>
	  <onleft>51</onleft>

      <onright>51</onright>
      <orientation>horizontal</orientation>
      <pagecontrol>25</pagecontrol>
      <scrolltime tween="sine" easing="out">200</scrolltime>
      <itemlayout width="144" height="52">
		<control type="image">
			<posx>0</posx>
			<posy>0</posy>
			<width>142</width>
			<height>52</height>
			<texture>btn3_bg_normal.9.png</texture>
		</control>
		<control type="label">
			<posx>5</posx>
			<posy>3</posy>
			<width>142</width>
			<height>22</height>
			<font>font30</font>
			<align>left</align>
			<selectedcolor>green</selectedcolor>
			<align>left</align>
			<info>ListItem.Label</info>
		</control>
      </itemlayout>
      <focusedlayout height="52" width="144">
		<control type="image">
			<width>142</width>
			<height>52</height>
			<posx>0</posx>
			<posy>0</posy>
			<texture>btn3_bg_normal.9.png</texture>
		</control>
		<control type="image">
			<width>142</width>
			<height>52</height>
			<posx>0</posx>
			<posy>0</posy>
			<visible>Control.HasFocus(10)</visible>
			<texture>btn3_bg_focus.9.png</texture>
		</control>
		<control type="label">
			<posx>5</posx>
			<posy>3</posy>
			<width>142</width>
			<height>22</height>
			<font>font30</font>
			<align>left</align>
			<selectedcolor>green</selectedcolor>
			<align>left</align>
			<info>ListItem.Label</info>
		</control>
      </focusedlayout>
</control>
<control type="image">
	      <description>首页顶部横条</description>
			<posx>0</posx>
			<posy>80</posy>
			<width>1280</width>
			<height>1</height>
			<texture>fliter_line_hor.png</texture>
</control>
<control type="image">
	      <description>首页左侧竖条</description>
			<posx>250</posx>
			<posy>0</posy>
			<width>1</width>
			<height>720</height>
			<texture>filter_line_ver.png</texture>
</control>
<control type="button" id="51">
      <description>搜索按钮</description>
      <posx>80</posx>
      <posy>80</posy>
      <width>80</width>
      <height>40</height>
      <visible>true</visible>
      <colordiffuse>FFFFFFFF</colordiffuse>
      <texturefocus>search_h.png</texturefocus>
      <texturenofocus>search_n.png</texturenofocus>
      <font>font12</font>
      <textcolor>FFFFFFFF</textcolor>
      <focusedcolor>FFFFFFFF</focusedcolor>
      <disabledcolor>80FFFFFF</disabledcolor>
      <align></align>
      <aligny></aligny>
      <textoffsetx></textoffsetx>
      <textoffsety></textoffsety>
      <onup>10</onup>
      <ondown>5</ondown>
      <onright>10</onright>
</control>
<control type="image">
	      <description>搜索下方横条</description>
			<posx>0</posx>
			<posy>120</posy>
			<width>250</width>
			<height>1</height>
			<texture>GMseparator.png</texture>
</control>
<control type="label">
	<posx>5</posx>
	<posy>125</posy>
	<width>110</width>
	<height>22</height>
	<font>font12</font>
	<selectedcolor>green</selectedcolor>
	<align>left</align>
	<label>类型:</label>
</control>
<control type="panel" id="5">
    <description>类型列表</description>
	<posx>5</posx>
	<posy>145</posy>
	<width>250</width>
	<height>130</height>
      <onup>51</onup>
	  <onleft>6</onleft>
      <ondown>6</ondown>
      <onright>9</onright>
	<itemlayout height="30" width="60">
		<control type="label">
			<posx>5</posx>
			<posy>5</posy>
			<width>55</width>
			<height>40</height>
			<font>font10</font>
			<selectedcolor>green</selectedcolor>
			<align>left</align>
			<info>ListItem.Label</info>
		</control>
	</itemlayout>
	<focusedlayout height="30" width="60">
		<control type="image">
			<width>65</width>
			<height>45</height>
			<posx>0</posx>
			<posy>0</posy>
			<visible>Control.HasFocus(5)</visible>
			<texture>collect_focus_mm.png</texture>
		</control>
		<control type="label">
			<posx>5</posx>
			<posy>5</posy>
			<width>55</width>
			<height>40</height>
			<font>font10</font>
			<selectedcolor>green</selectedcolor>
			<align>left</align>
			<info>ListItem.Label</info>
		</control>
	</focusedlayout>
</control>
<control type="image">
	      <description>类型下方横条</description>
			<posx>0</posx>
			<posy>280</posy>
			<width>250</width>
			<height>1</height>
			<texture>GMseparator.png</texture>
</control>
<control type="label">
	<posx>5</posx>
	<posy>280</posy>
	<width>110</width>
	<height>22</height>
	<font>font12</font>
	<selectedcolor>green</selectedcolor>
	<align>left</align>
	<label>地区:</label>
</control>
<control type="panel" id="6">
    <description>地区列表</description>
	<posx>5</posx>
	<posy>300</posy>
	<width>250</width>
	<height>130</height>
      <onup>5</onup>
      <ondown>7</ondown>
	 	  <onleft>7</onleft>

      <onright>9</onright>
	<itemlayout height="30" width="60">
		<control type="label">
			<posx>5</posx>
			<posy>5</posy>
			<width>55</width>
			<height>40</height>
			<font>font10</font>
			<selectedcolor>green</selectedcolor>
			<align>left</align>
			<info>ListItem.Label</info>
		</control>
	</itemlayout>
	<focusedlayout height="30" width="60">
		<control type="image">
			<width>65</width>
			<height>45</height>
			<posx>0</posx>
			<posy>0</posy>
			<visible>Control.HasFocus(6)</visible>
			<texture>collect_focus_mm.png</texture>
		</control>
		<control type="label">
			<posx>5</posx>
			<posy>5</posy>
			<width>55</width>
			<height>40</height>
			<font>font10</font>
			<selectedcolor>green</selectedcolor>
			<align>left</align>
			<info>ListItem.Label</info>
		</control>
	</focusedlayout>
</control>
<control type="image">
	      <description>地区下方横条</description>
			<posx>0</posx>
			<posy>430</posy>
			<width>250</width>
			<height>1</height>
			<texture>GMseparator.png</texture>
</control>
<control type="label">
	<posx>5</posx>
	<posy>435</posy>
	<width>110</width>
	<height>22</height>
	<font>font12</font>
	<selectedcolor>green</selectedcolor>
	<align>left</align>
	<label>年代:</label>
</control>
<control type="panel" id="7">
    <description>年代列表</description>
	<posx>5</posx>
	<posy>460</posy>
	<width>250</width>
	<height>130</height>
      <onup>6</onup>
      <ondown>8</ondown>
      <onright>9</onright>
	 	  <onleft>8</onleft>
	  <onleft>8</onleft>

	<itemlayout height="30" width="60">
		<control type="label">
			<posx>5</posx>
			<posy>5</posy>
			<width>60</width>
			<height>40</height>
			<font>font10</font>
			<selectedcolor>green</selectedcolor>
			<align>left</align>
			<info>ListItem.Label</info>
		</control>
	</itemlayout>
	<focusedlayout height="30" width="60">
		<control type="image">
			<width>65</width>
			<height>45</height>
			<posx>0</posx>
			<posy>0</posy>
			<visible>Control.HasFocus(7)</visible>
			<texture>collect_focus_mm.png</texture>
		</control>
		<control type="label">
			<posx>5</posx>
			<posy>5</posy>
			<width>60</width>
			<height>40</height>
			<font>font10</font>
			<selectedcolor>green</selectedcolor>
			<align>left</align>
			<info>ListItem.Label</info>
		</control>
	</focusedlayout>
</control>
<control type="image">
	        <description>年代下方横条</description>
			<posx>0</posx>
			<posy>590</posy>
			<width>250</width>
			<height>1</height>
			<texture>GMseparator.png</texture>
</control>
<control type="label">
	<posx>5</posx>
	<posy>595</posy>
	<width>110</width>
	<height>22</height>
	<font>font12</font>
	<selectedcolor>green</selectedcolor>
	<align>left</align>
	<label>排序:</label>
</control>
<control type="panel" id="8">
    <description>年代列表</description>
	<posx>5</posx>
	<posy>625</posy>
	<width>250</width>
	<height>130</height>
      <onup>7</onup>

      <onright>9</onright>
	<itemlayout height="30" width="80">
		<control type="label">
			<posx>5</posx>
			<posy>5</posy>
			<width>80</width>
			<height>40</height>
			<font>font10</font>
			<selectedcolor>green</selectedcolor>
			<align>left</align>
			<info>ListItem.Label</info>
		</control>
	</itemlayout>
	<focusedlayout height="30" width="80">
		<control type="image">
			<width>85</width>
			<height>45</height>
			<posx>0</posx>
			<posy>0</posy>
			<visible>Control.HasFocus(8)</visible>
			<texture>collect_focus_mm.png</texture>
		</control>
		<control type="label">
			<posx>5</posx>
			<posy>5</posy>
			<width>80</width>
			<height>40</height>
			<font>font10</font>
			<selectedcolor>green</selectedcolor>
			<align>left</align>
			<info>ListItem.Label</info>
		</control>
	</focusedlayout>
</control>
<control type="panel" id="9">
    <description>影片列表</description>
	<posx>260</posx>
	<posy>100</posy>
	<width>1000</width>
	<height>600</height>
	<onright>60</onright>
	<onup>10</onup>
	<onright>10</onright>
	<onleft>51</onleft>
	<itemlayout height="296" width="200">
		<control type="image">
			<width>205</width>
			<height>274</height>
			<posx>0</posx>
			<posy>0</posy>
			<aspectratio>scale</aspectratio>
			<texture>android_item_movie_bg.png</texture>
		</control>
		<control type="image">
			<width>160</width>
			<height>245</height>
			<posx>22</posx>
			<posy>15</posy>
			<aspectratio>scale</aspectratio>
			<info>ListItem.Thumb</info>
		</control>
		<control type="image">
			<width>160</width>
			<height>30</height>
			<posx>22</posx>
			<posy>230</posy>
			<aspectratio>scale</aspectratio>
			<texture>r_precess_bar_bg.png</texture>
		</control>
		<control type="label">
			<posx>15</posx>
			<posy>273</posy>
			<width>180</width>
			<height>40</height>
			<font>font16</font>
			<align>left</align>
			<info>ListItem.Label</info>
		</control>
		<control type="label">
			<posx>50</posx>
			<posy>230</posy>
			<width>180</width>
			<height>40</height>
			<font>font16</font>
			<align>left</align>
			<textcolor>red</textcolor>
			<shadowcolor>black</shadowcolor>
			<label>TOP:$INFO[ListItem.originaltitle]</label>
		</control>
	</itemlayout>
	<focusedlayout height="296" width="200">
		<control type="image">
			<width>205</width>
			<height>274</height>
			<posx>0</posx>
			<posy>0</posy>
			<aspectratio>scale</aspectratio>
			<texture>android_item_movie_bg.png</texture>
		</control>
		<control type="image">
			<width>160</width>
			<height>245</height>
			<posx>22</posx>
			<posy>15</posy>
			<aspectratio>scale</aspectratio>
			<info>ListItem.Thumb</info>
		</control>
		<control type="image">
			<width>160</width>
			<height>30</height>
			<posx>22</posx>
			<posy>230</posy>
			<aspectratio>scale</aspectratio>
			<texture>r_precess_bar_bg.png</texture>
		</control>

		<control type="image">
			<width>205</width>
			<height>274</height>
			<posx>0</posx>
			<posy>0</posy>
			<visible>Control.HasFocus(9)</visible>
			<aspectratio>scale</aspectratio>
			<texture>android_item_movie_focus.png</texture>
		</control>
		<control type="label">
			<posx>15</posx>
			<posy>273</posy>
			<width>180</width>
			<height>40</height>
			<font>font16</font>
			<align>left</align>
			<info>ListItem.Label</info>
		</control>
		<control type="label">
			<posx>50</posx>
			<posy>230</posy>
			<width>180</width>
			<height>40</height>
			<font>font16</font>
			<align>left</align>
			<textcolor>red</textcolor>
			<shadowcolor>black</shadowcolor>
			<label>TOP:$INFO[ListItem.originaltitle]</label>
		</control>
	</focusedlayout>
</control>
</controls>

</window>
