<window type="window">
	<defaultcontrol>116</defaultcontrol>
	<coordinates>
		<system>1</system>
		<posx>0</posx>
		<posy>0</posy>
	</coordinates>
	<allowoverlay>no</allowoverlay>
<controls>
		<control type="image">
			<posx>0</posx>
			<posy>0</posy>
			<width>1280</width>
			<height>720</height>
			<texture>backr1.png</texture>
		</control>
		<control type="grouplist">
			<posx>65</posx>
			<posy>5</posy>
			<width>1000</width>
			<height>30</height>
			<orientation>horizontal</orientation>
			<align>left</align>
			<itemgap>5</itemgap>
			<control type="label">
				<posx>0</posx>
				<posy>0</posy>
				<width min="0" max="800">auto</width>
				<height>30</height>
				<font>font14</font>
				<textcolor>white</textcolor>
				<shadowcolor>black</shadowcolor>
				<scroll>false</scroll>
				<align>left</align>
				<aligny>center</aligny>
				<label>$LOCALIZE[3]</label>
			</control>
			<control type="label" id='99'>
				<posx>0</posx>
				<posy>0</posy>
				<width min="0" max="800">auto</width>
				<height>30</height>
				<font>font14</font>
				<textcolor>white</textcolor>
				<shadowcolor>black</shadowcolor>
				<scroll>false</scroll>
				<align>left</align>
				<aligny>center</aligny>
				<label>[COLOR=blue] - [/COLOR]$INFO[Container.FolderName]</label>
				<visible>true</visible>
			</control>
		</control>
		<control type="group">
			<control type="group">
				<include>VisibleFadeEffect</include>
				<visible>Control.IsVisible(51) | Control.IsVisible(52) | Control.IsVisible(53) | Control.IsVisible(55) | Control.IsVisible(116) | Control.IsVisible(500) | Control.IsVisible(505)</visible>
				
				
				<control type="image">
					<posx>75</posx>
					<posy>60</posy>
					<width>1130</width>
					<height>600</height>
					<texture border="15">ContentPanel.png</texture>
				</control>
				<control type="image">
					<posx>230</posx>
					<posy>130</posy>
					<width>550</width>
					<height>520</height>
					<texture border="5">ContentPanel.png</texture>
				</control>

				<control type="image">
					<posx>75</posx>
					<posy>652</posy>
					<width>1130</width>
					<height>64</height>
					<texture border="15">ContentPanelMirror.png</texture>
				</control>
			</control>

		</control>
        <control type="group">
            <control type="label" id="21">
                <posx>100</posx>
                <posy>65</posy>
                <width>500</width>
                <height>40</height>
                <font>font28</font>
                <textcolor>grey2</textcolor>
                <align>left</align>
                <aligny>center</aligny>
                <label>$INFO[Container(116).ListItem.Property(name)]</label>
            </control>
            <control type="label" id="22">
                <posx>100</posx>
                <posy>90</posy>
                <width>700</width>
                <height>40</height>
                <font>font12</font>
                <textcolor>grey2</textcolor>
                <align>left</align>
                <aligny>center</aligny>
                <label>$INFO[Container(116).ListItem.Property(playurl)]</label>
            </control>
            <control type="image" id="23">
                <posx>101</posx>
                <posy>130</posy>
                <width>1078</width>
                <height>1</height>
                <texture border="">longline.png</texture>
            </control>
            <control type="panel" id="115">
                <!-- 来源选择列表 -->
                <visible>Control.IsVisible(116)</visible>
                <posx>100</posx>
                <posy>220</posy>
                <width>120</width>
                <height>450</height>
                <onleft>-</onleft>
                <onright>116</onright>
                <onup>-</onup>
                <ondown>-</ondown>
                <scrolltime>200</scrolltime>
                <itemlayout height="50" width="115">
                    <control type="image">
                        <posx>0</posx>
                        <posy>0</posy>
                        <width>115</width>
                        <height>35</height>
                        <texture background="true">button-nofocus.png</texture>
                    </control>
                    <control type="label">
                        <posx>57</posx>
                        <posy>0</posy>
                        <width>115</width>
                        <height>35</height>
                        <font>font16</font>
                        <textcolor>white</textcolor>
                        <selectedcolor>FF004AFF</selectedcolor>
                        <align>center</align>
                        <aligny>center</aligny>
                        <info>ListItem.Label</info>
                    </control>
                </itemlayout>
                <focusedlayout height="50" width="115">
                    <control type="image">
                        <width>115</width>
                        <height>35</height>
                        <posx>0</posx>
                        <posy>0</posy>
                        <texture>button-focus.png</texture>
                    </control>
                    <control type="label">
                        <posx>57</posx>
                        <posy>0</posy>
                        <width>115</width>
                        <height>35</height>
                        <font>font16</font>
                        <textcolor>white</textcolor>
                        <selectedcolor>FF004AFF</selectedcolor>
                        <align>center</align>
                        <aligny>center</aligny>
                        <info>ListItem.Label</info>
                    </control>
                </focusedlayout>
            </control>
            <control type="image">
                <visible>false</visible>
                <posx>240</posx>
                <posy>148</posy>
                <width>50</width>
                <height>97</height>
                <texture border="">list_bg.png</texture>
            </control>
            <control type="image">
                <posx>240</posx>
                <posy>148</posy>
                <width>530</width>
                <height>497</height>
                <texture border="">list_bg.png</texture>
            </control>
            <control type="panel" id="116">
                <posx>240</posx>
                <posy>155</posy>
                <width>500</width>
                <height>490</height>
                <onleft>115</onleft>
                <onright>-</onright>
                <onup>116</onup>
                <ondown>116</ondown>
                <viewtype label="537">list</viewtype>
                <pagecontrol>60</pagecontrol>
                <scrolltime>200</scrolltime>
                <itemlayout height="40" width="500">
                    <control type="image">
                        <posx>0</posx>
                        <posy>0</posy>
                        <width>500</width>
                        <height>41</height>
                        <texture border="0,2,0,2">MenuItemNF.png</texture>
                    </control>
                    <control type="label">
                        <posx>20</posx>
                        <posy>0</posy>
                        <width>500</width>
                        <height>40</height>
                        <font>font13</font>
                        <textcolor>grey2</textcolor>
                        <selectedcolor>selected</selectedcolor>
                        <align>left</align>
                        <aligny>center</aligny>
                        <label>$INFO[ListItem.Label]</label>
                    </control>
                </itemlayout>
                <focusedlayout height="40" width="500">
                    <control type="image">
                        <posx>0</posx>
                        <posy>0</posy>
                        <width>500</width>
                        <height>41</height>
                        <texture border="0,2,0,2">MenuItemNF.png</texture>
                        <visible>!Control.HasFocus(116)</visible>
                        <include>VisibleFadeEffect</include>
                    </control>
                    <control type="image">
                        <posx>0</posx>
                        <posy>0</posy>
                        <width>500</width>
                        <height>41</height>
                        <texture border="0,2,0,2">MenuItemFO.png</texture>
                        <visible>Control.HasFocus(116)</visible>
                        <include>VisibleFadeEffect</include>
                    </control>
                    <control type="label">
                        <posx>20</posx>
                        <posy>0</posy>
                        <width>500</width>
                        <height>40</height>
                        <font>font13</font>
                        <textcolor>white</textcolor>
                        <selectedcolor>selected</selectedcolor>
                        <align>left</align>
                        <aligny>center</aligny>
                        <label>$INFO[ListItem.Label]</label>
                    </control>
                </focusedlayout>
            </control>
            <control type="scrollbar" id="60">
                <posx>750</posx>
                <posy>156</posy>
                <width>15</width>
                <height>480</height>
                <texturesliderbackground border="0,14,0,14">ScrollBarV.png</texturesliderbackground>
                <texturesliderbar border="0,14,0,14">ScrollBarV_bar.png</texturesliderbar>
                <texturesliderbarfocus border="0,14,0,14">ScrollBarV_bar_focus.png</texturesliderbarfocus>
                <textureslidernib>ScrollBarNib.png</textureslidernib>
                <textureslidernibfocus>ScrollBarNib.png</textureslidernibfocus>
                <onleft>116</onleft>
                <onright>730</onright>
                <showonepage>false</showonepage>
                <orientation>vertical</orientation>
                <visible>Control.IsVisible(116)</visible>
            </control>
            <control type="image">
                <posx>810</posx>
                <posy>150</posy>
                <width>144</width>
                <height>206</height>
                <aspectratio>scale</aspectratio>
                <texture>details_thumb_bg.png</texture>
            </control>
            <control type="image" id="749">
                <posx>812</posx>
                <posy>152</posy>
                <width>140</width>
                <height>202</height>
                <aspectratio>scale</aspectratio>
                <texture></texture>
            </control>
            <control type="label" id="750">
                <posx>960</posx>
                <posy>145</posy>
                <width>240</width>
                <height>30</height>
                <label>$INFO[Container.Property(title)]</label>
                <font>font28</font>
                <wrapmultiline>true</wrapmultiline>
                <textcolor>white</textcolor>
            </control>
            <control type="group">
                <control type="label">
                    <posx>960</posx>
                    <posy>210</posy>
                    <width>100</width>
                    <height>30</height>
                    <label>类型：</label>
                    <font>font20</font>
                    <textcolor>gray</textcolor>
                </control>
                <control type="label" id="751">
                    <posx>1015</posx>
                    <posy>210</posy>
                    <width>180</width>
                    <height>30</height>
                    <label></label>
     				<visible>true</visible>
                   <font>font20</font>
                    <textcolor>white</textcolor>
                </control>
                <control type="label">
                    <posx>960</posx>
                    <posy>250</posy>
                    <width>100</width>
                    <height>30</height>
                    <label>地区：</label>
                    <font>font20</font>
                    <textcolor>gray</textcolor>
                </control>
                <control type="label" id="752">
                    <posx>1015</posx>
                    <posy>250</posy>
                    <width>180</width>
                    <height>30</height>
                    <label>$INFO[Container.Property(areaname)]</label>
                    <font>font20</font>
                    <textcolor>white</textcolor>
                </control>
                <control type="label">
                    <posx>960</posx>
                    <posy>290</posy>
                    <width>360</width>
                    <height>30</height>
                    <label>年份：</label>
                    <font>font20</font>
                    <textcolor>gray</textcolor>
                </control>
                <control type="label" id="753">
                    <posx>1015</posx>
                    <posy>290</posy>
                    <width>180</width>
                    <height>30</height>
                    <label>$INFO[Container.Property(year)]</label>
                    <font>font20</font>
                    <textcolor>white</textcolor>
                </control>
                <control type="label">
                    <posx>960</posx>
                    <posy>330</posy>
                    <height>30</height>
                    <width>100</width>
                    <label>导演：</label>
                    <font>font20</font>
                    <textcolor>gray</textcolor>
                </control>
                <control type="label" id="754">
                    <posx>1015</posx>
                    <posy>330</posy>
                    <width>180</width>
                    <height>30</height>
                    <label></label>
                    <font>font20</font>
                    <textcolor>white</textcolor>
                </control>
                <control type="label">
                    <posx>810</posx>
                    <posy>370</posy>
                    <width>380</width>
                    <height>30</height>
                    <label>主演：</label>
                    <font>font20</font>
                    <textcolor>gray</textcolor>
                    <wrapmultiline>true</wrapmultiline>
                </control>
                <control type="label" id="755">
                    <posx>865</posx>
                    <posy>370</posy>
                    <width>320</width>
                    <height>30</height>
                    <label></label>
                    <font>font20</font>
                    <textcolor>white</textcolor>
                </control>
                <control type="label">
                    <posx>810</posx>
                    <posy>400</posy>
                    <width>200</width>
                    <height>30</height>
                    <label>剧情介绍：</label>
                    <font>font20</font>
                    <textcolor>gray</textcolor>
                    <wrapmultiline>true</wrapmultiline>
                </control>
                <control type="image">
                    <posx>810</posx>
                    <posy>430</posy>
                    <width>360</width>
                    <height>1</height>
                    <texture>listitem.png</texture>
                </control>
                <control type="label" id="756">
                    <posx>810</posx>
                    <posy>440</posy>
                    <width>370</width>
                    <height>180</height>
                    <label></label>
                    <font>font20</font>
                    <textcolor>white</textcolor>
                    <wrapmultiline>true</wrapmultiline>
                </control>
            </control>
        </control>
</controls>
</window>
