<?xml version="1.0" encoding="UTF-8" standalone="yes"?>
<addon id="plugin.video.hdpmytv"
  name="HDP我的私有直播"
  version="0.0.1"
  provider-name="Wenl">
  <extension point="xbmc.python.pluginsource" library="default.py">
  <provides>video</provides>
  </extension>
  <extension point="xbmc.addon.metadata">
    <platform>all</platform>
    <summary>HDPfans Live TV</summary>
    <summary lang="zh">HDP我的私有直播</summary>
    <description>Live TV collected by HDPfans</description>
    <description lang="zh">您可以在http://www.hdpfans.com/live/member/网站自定义您的私有网络直播源，回到xbmc上只需要输入您在论坛的帐号或者UID就能够观看了。</description>
    <disclaimer>For demonstration only</disclaimer>
  </extension>
</addon>
