<?xml version="1.0" encoding="UTF-8" standalone="yes"?>
<addon id="plugin.audio.sverigesradio"
       name="Sveriges Radio"
       version="1.0.4"
       provider-name="Daniel">
    <requires>
        <import addon="xbmc.python" version="2.1.0"/>
    </requires>
    <extension point="xbmc.python.pluginsource" library="default.py">
        <provides>audio</provides>
    </extension>
    <extension point="xbmc.addon.metadata">
        <platform>all</platform>
        <summary>Sveriges Radio</summary>
        <description lang="en">Listen to Sveriges Radio</description>
        <description lang="sv">Lyssna på Sveriges Radio</description>
        <disclaimer lang="en">This addon uses Sveriges Radio's official API. It may or may not work outside of Sweden, and there is mainly content in Swedish.</disclaimer>
        <language>sv</language>
        <license>GNU GENERAL PUBLIC LICENSE. Version 2, June 1991</license>
        <forum>http://forum.kodi.tv/showthread.php?tid=116735</forum>
        <website>https://github.com/dodoadoodoo/kodi-sverigesradio</website>
        <source>https://github.com/dodoadoodoo/kodi-sverigesradio</source>
        <email></email>
    </extension>
</addon>