{"ColombiaTV":[{"id":"1","title":"Caracol HD","image":"http://tvi.une.net.co/upload/images/logos/n90x90/1821.png","url":"http://acaooyalahd2-lh.akamaihd.net/i/caracol04_delivery@187706/index_2128_av-b.m3u8?sd=10&rebase=on"},
{"id":"2","title":"RCN HD","image":"http://tvi.une.net.co/upload/images/logos/n90x90/1819.png","url":"rtmp://cdn6.iviplanet.com/RCN/myStream.sdp"},
{"id":"3","title":"WinSports","image":"http://tvi.une.net.co/upload/images/logos/n90x90/2005.png","url":"rtmp://fl04.iviplanet.com/DeporTV/myStream.sdp"},
{"id":"3","title":"Boomerang","image":"","url":"http://www.ienlace-tv.com:1935/live11/livestream1.sdp/negmtv.m3u8"},
{"id":"4","title":"Canal 13","image":"","url":"rtmp://cdns724ste1010.multistream.net/canaltr3celive/live-300"},
{"id":"5","title":"Canal UNO","image":"http://tvi.une.net.co/upload/images/logos/n90x90/1010.png","url":"rtmp://cdn9.iviplanet.com/CanalUnoColombia/myStream.sdp"},
{"id":"7","title":"CityTV","image":"http://tvi.une.net.co/upload/images/logos/n90x90/1011.png","url":"rtmp://cdn6.iviplanet.com/CityTV/myStream.sdp"},
{"id":"8","title":"Senal Colombia","image":"http://tvi.une.net.co/upload/images/logos/n90x90/953.png","url":"rtmp://cdns724ste1010.multistream.net/rtvc2live/live-500"},
{"id":"9","title":"UNE","image":"http://tvi.une.net.co/upload/images/logos/n90x90/1026.png","url":"http://uneapple-i.akamaihd.net/hls/live/205017/grupoune_st8@205017/st8_index.m3u8"},
{"id":"10","title":"Me suena","image":"http://tvi.une.net.co/upload/images/logos/n90x90/9099.png","url":"http://uneapple-i.akamaihd.net/hls/live/215955/grupoune_st44@215955/st44_index.m3u8"},
{"id":"11","title":"Telemedellin","image":"http://tvi.une.net.co/upload/images/logos/n90x90/1029.png","url":"http://uneapple-i.akamaihd.net/hls/live/206414/grupoune_st13@206414/st13_index.m3u8"},
{"id":"12","title":"CANAL U","image":"http://tvi.une.net.co/upload/images/logos/n90x90/1025.png","url":"http://uneapple-i.akamaihd.net/hls/live/206416/grupoune_st15@206416/st15_index.m3u8"},
{"id":"13","title":"Teleantioquia","image":"http://tvi.une.net.co/upload/images/logos/n90x90/1007.png","url":"http://uneapple-i.akamaihd.net/hls/live/205013/grupoune_st4@205013/st4_index.m3u8"},
{"id":"14","title":"TV Agro","image":"http://tvi.une.net.co/upload/images/logos/n90x90/1002.png","url":"http://uneapple-i.akamaihd.net/hls/live/205015/grupoune_st6@205015/st6_index.m3u8"},
{"id":"15","title":"Cosmovision","image":"http://tvi.une.net.co/upload/images/logos/n90x90/809.png","url":"http://uneapple-i.akamaihd.net/hls/live/206415/grupoune_st14@206415/st14_index.m3u8"},
{"id":"16","title":"Cable Noticias","image":"http://tvi.une.net.co/upload/images/logos/n90x90/1003.png","url":"http://uneapple-i.akamaihd.net/hls/live/205016/grupoune_st7@205016/st7_index.m3u8"},
{"id":"17","title":"Telecafe","image":"http://tvi.une.net.co/upload/images/logos/n90x90/1180.png","url":"http://uneapple-i.akamaihd.net/hls/live/206417/grupoune_st16@206417/st16_index.m3u8"},
{"id":"18","title":"VMAS","image":"http://tvi.une.net.co/upload/images/logos/n90x90/812.png","url":"http://uneapple-i.akamaihd.net/hls/live/207642/grupoune_st23@207642/st23_index.m3u8"},
{"id":"19","title":"El Tiempo","image":"http://tvi.une.net.co/upload/images/logos/n90x90/1625.png","url":"http://uneapple-i.akamaihd.net/hls/live/207648/grupoune_st29@207648/st29_index.m3u8"},
{"id":"20","title":"UNE Manizales","image":"http://tvi.une.net.co/upload/images/logos/n90x90/1484.png","url":"http://uneapple-i.akamaihd.net/hls/live/207643/grupoune_st24@207643/st24_index.m3u8"},
{"id":"21","title":"Une Costa Caribe","image":"http://tvi.une.net.co/upload/images/logos/n90x90/26616.png","url":"http://uneapple-i.akamaihd.net/hls/live/215944/grupoune_st33@215944/st33_index.m3u8"},
{"id":"22","title":"Une Armenia","image":"http://tvi.une.net.co/upload/images/logos/n90x90/26617.png","url":"http://uneapple-i.akamaihd.net/hls/live/207646/grupoune_st27@207646/st27_index.m3u8"},
{"id":"23","title":"Televida","image":"http://tvi.une.net.co/upload/images/logos/n90x90/750.png","url":"http://uneapple-i.akamaihd.net/hls/live/205018/grupoune_st9@205018/st9_index.m3u8"},
{"id":"24","title":"Trendy","image":"http://tvi.une.net.co/upload/images/logos/n90x90/26603.png","url":"http://uneapple-i.akamaihd.net/hls/live/205019/grupoune_st10@205019/st10_index.m3u8"},
{"id":"25","title":"Antiestres","image":"http://tvi.une.net.co/upload/images/logos/n90x90/26604.png","url":"http://uneapple-i.akamaihd.net/hls/live/206413/grupoune_st12@206413/st12_index.m3u8"},
{"id":"26","title":"Cantinazo","image":"http://tvi.une.net.co/upload/images/logos/n90x90/26607.png","url":"http://uneapple-i.akamaihd.net/hls/live/206419/grupoune_st18@206419/st18_index.m3u8"},
{"id":"27","title":"Life Design","image":"http://tvi.une.net.co/upload/images/logos/n90x90/2169.png","url":"http://uneapple-i.akamaihd.net/hls/live/207384/grupoune_st22@207384/st22_index.m3u8"},
{"id":"28","title":"Click","image":"http://tvi.une.net.co/upload/images/logos/n90x90/987654.png","url":"http://uneapple-i.akamaihd.net/hls/live/206577/grupoune_st19@206577/st19_index.m3u8"},
{"id":"29","title":"Mi Musica HD","image":"http://tvi.une.net.co/upload/images/logos/n90x90/2214.png","url":"http://uneapple-i.akamaihd.net/hls/live/206731/grupoune_st20@206731/st20_index.m3u8"},
{"id":"30","title":"Yes","image":"http://tvi.une.net.co/upload/images/logos/n90x90/26614.png","url":"http://uneapple-i.akamaihd.net/hls/live/205010/grupoune_st1@205010/st1_index.m3u8"},
{"id":"31","title":"Televentas MIO","image":"http://tvi.une.net.co/upload/images/logos/n90x90/26615.png","url":"http://uneapple-i.akamaihd.net/hls/live/205011/grupoune_st2@205011/st2_index.m3u8"}
]}