<addon id="script.module.sd-xbmc" name="sd-xbmc" provider-name="SD-XBMC Team" version="0.6.0">
	<requires>
		<import addon="xbmc.python" version="2.1.0"/>
		<import addon="script.module.simplejson" version="2.0.10"/>
		<import addon="script.module.simple.downloader" version="0.9.3"/>
		<import addon="script.common.plugin.cache" version="0.9.1"/>
	</requires>
	<extension library="lib" point="xbmc.python.module"/>
		<extension point="xbmc.addon.metadata">
		<language/>
		<platform>all</platform>
	</extension>
</addon>