<?xml version="1.0" ?>
<channels xmlns="http://xsd.rieter.net/net.rieter.xot/channels">
    <channel>
        <guid>4DEB8C26-D294-11E2-B26C-71EC6088709B</guid>
        <name>NPO.nl Live</name>
        <description>Live video en audio van NPO.nl.</description>
        <icon>npolarge.png</icon>
        <category>National</category>
        <channelcode>npo</channelcode>
        <sortorder>1</sortorder>
        <language>nl</language>
        <compatible>Environments.NoPlatform</compatible>
        <message>XOT gaat altijd akkoord met het plaatsen van cookies|door de npo.nl website. Wilt u dit niet, dan|moet u dit kanaal niet langer gebruiken binnen XOT.</message>
    </channel>
</channels>