<?xml version="1.0" encoding="UTF-8" standalone="yes"?>
<addon id="plugin.program.ukjamcams" name="UK Jam Cams" version="0.0.9" provider-name="MetalKettle">
  <requires>
    <import addon="xbmc.python" version="2.1.0"/>
  </requires>
  <extension point="xbmc.python.pluginsource" library="default.py">
        <provides>image executable</provides>
  </extension>
  <extension point="xbmc.addon.metadata">
    <summary lang="en">Traffic Camera Images from The Highways Authority </summary>
    <description lang="en">Traffic Camera Images from The Highways Authority </description>
    <platform>all</platform>
  </extension>
</addon>
