<?xml version="1.0" encoding="UTF-8" standalone="yes"?>
<addon id="plugin.video.one.video" name="one" version="1.1.0" provider-name="shmulik">
    <requires>
        <import addon="xbmc.python" version="1.0"/>
    </requires>
    <extension point="xbmc.python.pluginsource" library="Default.py">
        <provides>video</provides>
    </extension>
    <extension point="xbmc.addon.metadata">
        <platform>all</platform>
        <minversion>31632</minversion>
        <summary>Wacth One.co.il content.</summary>
        <description>Wacth one.co.il tv contents.</description>
        <disclaimer>This addon parses One.co.il, you should check their TOS before you using. It's as is</disclaimer>
        <supportedcontent>
          <content>tvshows</content>
          <content>episodes</content>
        </supportedcontent>	
    </extension>
</addon>
