﻿<?xml version="1.0" encoding="UTF-8" standalone="yes"?>
<addon id="plugin.video.dota178"
    name="Dota视频（178）"
    version="0.0.7"
    provider-name="jindaxia">
    <extension
        point="xbmc.python.pluginsource"
        library="default.py">
        <provides>video</provides>
    </extension>
    <extension point="xbmc.addon.metadata">
        <summary lang="en">Dota视频（178）</summary>
        <summary lang="zh">Dota视频（178）</summary>
        <description lang="en">Dota视频（178）</description>
        <description lang="zh">Dota视频（178）</description>
        <platform>all</platform>
    </extension>
</addon>