<?xml version="1.0" encoding="UTF-8"?>
<addon id="plugin.video.drnu" version="5.0.6" name="DR TV" provider-name="twinther">
    <requires>
        <import addon="xbmc.python" version="2.1.0"/>
        <import addon="script.module.simplejson" version="2.0.10"/>
        <import addon="script.module.buggalo" version="1.1.2"/>
    </requires>
    <extension point="xbmc.python.pluginsource" library="addon.py">
        <provides>video</provides>
    </extension>
    <extension point="xbmc.addon.metadata">
        <summary lang="en">Watch live and archived TV from DR (Danish Broadcasting Corporation)</summary>
        <summary lang="da">Se live og arkiveret TV fra DR</summary>
        <description lang="en">All DR's live TV channels and archived programs as seen on dr.dk/tv.[CR][CR]If you have comments or suggestions for this addon, please feel free to participate in the debate on my blog at http://tommy.winther.nu</description>
        <description lang="da">Alle DR's live TV kanaler samt alle de programmer du finder på dr.dk/tv.[CR][CR]Har du kommentarer, ris eller ros til denne addon er du velkommen til at deltage i debatten på min blog på http://tommy.winther.nu</description>
        <disclaimer lang="en">Some parts of this addon may not be legal in your country of residence - please check with your local laws.</disclaimer>
        <disclaimer lang="da">Nogle dele af denne addon er muligvis ikke lovlig i dit land - kontroller venligst dine lokale love.</disclaimer>
        <license>GPL 2.0</license>
        <platform>all</platform>
        <language>da</language>
        <email>tommy@winther.nu</email>
        <website>http://tommy.winther.nu</website>
        <forum>http://tommy.winther.nu/wordpress/forums/forum/addons/dr-nu-player/</forum>
        <source>https://github.com/xbmc-danish-addons/plugin.video.drnu</source>
    </extension>
</addon>
