<?xml version="1.0" encoding="UTF-8" standalone="yes"?>
<addon id="plugin.video.rt"
       name="Russia Today News"
       version="1.9.2"
       provider-name="t1m">
  <requires>
    <import addon="xbmc.python" version="2.1.0"/>
  </requires>
  <extension point="xbmc.python.pluginsource"
            library="default.py">
        <provides>video</provides>
  </extension>
  <extension point="xbmc.addon.metadata">
    <summary lang="en">Russia Today News</summary>
    <description lang="en">Russia Today News XBMC Plugin. RT presents round-the-clock news bulletins, documentaries, talk shows, and debates, as well as sports news and cultural programs on Russia aimed at the overseas news market. In 2011 it was the second most-watched foreign news channel in the U.S. after BBC World News, and the number one foreign station in five major U.S. urban areas in 2012</description>
    <disclaimer lang="en">Feel free to use this script. For information visit the wiki.</disclaimer>
    <platform>all</platform>
    <language>en</language>
    <license>GNU GENERAL PUBLIC LICENSE. Version 2, June 1991</license>
    <forum>http://forum.xbmc.org/showthread.php?tid=173448</forum>
    <website></website>
    <email></email>
    <source>https://github.com/learningit/plugin.video.rt</source>
  </extension>
</addon>
