﻿<?xml version="1.0" encoding="UTF-8" standalone="yes"?>
<addon id="plugin.video.tele.fr" name="Télé Fr" version="1.13.4" provider-name="Angelscry">
    <requires>
        <import addon="xbmc.python" version="2.1.0"/>
        <import addon="plugin.video.f4mTester" version="2.1.3"/>
      </requires>
    <extension point="xbmc.python.pluginsource" library="default.py">
        <provides>video</provides>
    </extension>
    <extension point="xbmc.addon.metadata">
        <platform>all</platform>
        <disclaimer>Pour XBMC Gotham</disclaimer>
        <summary lang="fr">Regarder des chaines francophones en direct.</summary>
        <summary lang="en">Watch French channels live.</summary>
        <description lang="fr">Cet add-on vous propose de regarder la plupart des chaines francophones (France, Canada, Belgique, Suisse, Monaco, etc...) en direct à partir des flux video disponibles sur internet. Les chaines proposées sont classées par contenu avec une description detaillée.</description>
        <description lang="en">This add-on allows you to watch most Francophone channels (from France, Canada, Belgium, Switzerland, Monaco, etc ...) directly from videos stream available online. The proposed channels are categorized by content with a detailed description.</description>
    </extension>
</addon>
