<?xml version="1.0" ?>
<channels xmlns="http://xsd.rieter.net/net.rieter.xot/channels">
    <channel>
        <guid>60948038-60A4-11E2-B01B-8BE36188709B</guid>
        <name>SBS 6</name>
        <description>Online uitzendingen van SBS6 via kijk.nl.</description>
        <icon>sbs6large.png</icon>
        <category>National</category>
        <channelcode>sbs</channelcode>
        <sortorder>7</sortorder>
        <language>nl</language>
        <compatible>Environments.All</compatible>
    </channel>

    <channel>
        <guid>658A5A36-60A4-11E2-A236-8CE36188709B</guid>
        <name>Net 5</name>
        <description>Online uitzendingen van NET5 via kijk.nl.</description>
        <icon>net5large.png</icon>
        <category>National</category>
        <channelcode>net5</channelcode>
        <sortorder>6</sortorder>
        <language>nl</language>
        <compatible>Environments.All</compatible>
    </channel>

    <channel>
        <guid>6B32718A-60A4-11E2-87B1-A6E36188709B</guid>
        <name>Veronica</name>
        <description>Uitzendingen van Veronica via kijk.nl.</description>
        <icon>veronicalarge.png</icon>
        <category>National</category>
        <channelcode>veronica</channelcode>
        <sortorder>8</sortorder>
        <language>nl</language>
        <compatible>Environments.All</compatible>
    </channel>
</channels>