{
    "Take Me Out": {
        "Fanart_Image": "http://content.tv3.ie/content/microsite/128861_backgroundtakemeout.jpg", 
        "Title": "Take Me Out"
    }, 
    "Tonight with Mario": {
        "Fanart_Image": "http://content.tv3.ie/content/microsite/166139_tonight_mario_bg.jpg", 
        "Title": "Tonight with Mario"
    }, 
    "The Oprah Winfrey Show": {
        "Fanart_Image": "http://content.tv3.ie/content/microsite/4514_oprah.jpg", 
        "Title": "The Oprah Winfrey Show"
    }, 
    "Blackmarket Ireland": {
        "Fanart_Image": "http://content.tv3.ie/content/microsite/170103_bmi_bg.jpg", 
        "Title": "Blackmarket Ireland"
    }, 
    "Glee": {
        "Fanart_Image": "http://content.tv3.ie/content/microsite/136440_gleemain2010.jpg", 
        "Title": "Glee"
    }, 
    "The Apprentice": {
        "Title": "The Apprentice"
    }, 
    "Spartacus: Gods of the Arena": {
        "Fanart_Image": "http://content.tv3.ie/content/microsite/162510_spartacus_bg.jpg", 
        "Title": "Spartacus: Gods of the Arena"
    }, 
    "LOL": {
        "Fanart_Image": "http://content.tv3.ie/content/microsite/55361_bkg_lol.jpg", 
        "Title": "LOL"
    }, 
    "Family Food Fight": {
        "Fanart_Image": "http://content.tv3.ie/content/microsite/122245_family_food_fight_bg.jpg", 
        "Title": "Family Food Fight"
    }, 
    "Animal A&E": {
        "Fanart_Image": "http://content.tv3.ie/content/microsite/89915_animal-a-and-e-main.jpg", 
        "Title": "Animal A&E"
    }, 
    "Xpose": {
        "Fanart_Image": "http://content.tv3.ie/content/microsite/", 
        "Title": "Xpose"
    }, 
    "TV3 App": {
        "Fanart_Image": "http://content.tv3.ie/content/microsite/136855_app_bg.jpg", 
        "Title": "TV3 App"
    }, 
    "MidWeek": {
        "Fanart_Image": "http://content.tv3.ie/content/microsite/64008_midweek.jpg", 
        "Title": "MidWeek"
    }, 
    "How Healthy Are You?": {
        "Fanart_Image": "http://content.tv3.ie/content/microsite/137931_bg.jpg", 
        "Title": "How Healthy Are You?"
    }, 
    "Head Chef": {
        "Fanart_Image": "http://content.tv3.ie/content/microsite/162664_headchef_bg.jpg", 
        "Title": "Head Chef"
    }, 
    "The Cube": {
        "Fanart_Image": "http://content.tv3.ie/content/microsite/159402_thecube_background.jpg", 
        "Title": "The Cube"
    }, 
    "Midday": {
        "Fanart_Image": "http://content.tv3.ie/content/microsite/4101_middaybg.jpg", 
        "Title": "Midday"
    }, 
    "Ant & Dec's Push the Button": {
        "Fanart_Image": "http://content.tv3.ie/content/microsite/165530_push_the_button_bg.jpg", 
        "Title": "Ant & Dec's Push the Button"
    }, 
    "Crime in Mind": {
        "Fanart_Image": "http://content.tv3.ie/content/microsite/158253_crimeinmindbg.jpg", 
        "Title": "Crime in Mind"
    }, 
    "This is...": {
        "Fanart_Image": "http://content.tv3.ie/content/microsite/85018_this_is_background.jpg", 
        "Title": "This is..."
    }, 
    "Teenage Lives": {
        "Fanart_Image": "http://content.tv3.ie/content/microsite/131389_teenage_lives_bg.jpg", 
        "Title": "Teenage Lives"
    }, 
    "Bedtime Stories": {
        "Fanart_Image": "http://content.tv3.ie/content/microsite/166213_corrie_bg.jpg", 
        "Title": "Bedtime Stories"
    }, 
    "Come Dine With Me": {
        "Fanart_Image": "http://content.tv3.ie/content/microsite/153429_comedine_londis.jpg", 
        "Title": "Come Dine With Me"
    }, 
    "Modern Family": {
        "Fanart_Image": "http://content.tv3.ie/content/microsite/72763_mod_bkgr.jpg", 
        "Title": "Modern Family"
    }, 
    "Ireland AM": {
        "Fanart_Image": "http://content.tv3.ie/content/microsite/", 
        "Title": "Ireland AM"
    }, 
    "The Jeremy Kyle Show": {
        "Fanart_Image": "http://content.tv3.ie/content/microsite/4513_jeremy-kyle.jpg", 
        "Title": "The Jeremy Kyle Show"
    }, 
    "The Truth About...": {
        "Fanart_Image": "http://content.tv3.ie/content/microsite/172709_the_truth_about_bg.jpg", 
        "Title": "The Truth About..."
    }, 
    "Young, Dumb and Living Off Mum": {
        "Fanart_Image": "http://content.tv3.ie/content/microsite/142212_young_dumb_bg.jpg", 
        "Title": "Young, Dumb and Living Off Mum"
    }, 
    "Wild at Heart": {
        "Fanart_Image": "http://content.tv3.ie/content/microsite/19743_backgroud_wildatheart2.jpg", 
        "Title": "Wild at Heart"
    }, 
    "The National Events Guide": {
        "Fanart_Image": "http://content.tv3.ie/content/microsite/127709_eventguidebg.jpg", 
        "Title": "The National Events Guide"
    }, 
    "Ireland's Top Teens": {
        "Fanart_Image": "http://content.tv3.ie/content/microsite/146592_teen_bg.jpg", 
        "Title": "Ireland's Top Teens"
    }, 
    "Emmerdale": {
        "Fanart_Image": "http://content.tv3.ie/content/microsite/4105_emmerdale.jpg", 
        "Title": "Emmerdale"
    }, 
    "Friends": {
        "Fanart_Image": "http://content.tv3.ie/content/microsite/19744_friends2.jpg", 
        "Title": "Friends"
    }, 
    "GAA": {
        "Fanart_Image": "http://content.tv3.ie/content/microsite/45508_background_generic.jpg", 
        "Title": "GAA"
    }, 
    "24 Hours To Kill": {
        "Fanart_Image": "http://content.tv3.ie/content/microsite/144039_24hours_bg.jpg", 
        "Title": "24 Hours To Kill"
    }, 
    "Champions League": {
        "Fanart_Image": "http://content.tv3.ie/content/microsite/61020_live_background.jpg", 
        "Title": "Champions League"
    }, 
    "Specials": {
        "Fanart_Image": "http://content.tv3.ie/content/microsite/117835_tv3_specials_bg.jpg", 
        "Title": "Specials"
    }, 
    "Friday Late with Vincent Browne": {
        "Fanart_Image": "http://content.tv3.ie/content/microsite/173549_fridaylatebg.jpg", 
        "Title": "Friday Late with Vincent Browne"
    }, 
    "Coronation Street": {
        "Fanart_Image": "http://content.tv3.ie/content/microsite/3486_bg.jpg", 
        "Title": "Coronation Street"
    }, 
    "Crime Capitals": {
        "Fanart_Image": "http://content.tv3.ie/content/microsite/74621_background.jpg", 
        "Title": "Crime Capitals"
    }, 
    "Boozed Up Irish Abroad": {
        "Fanart_Image": "http://content.tv3.ie/content/microsite/133846_boozedupirishabroad.jpg", 
        "Title": "Boozed Up Irish Abroad"
    },
    "Chase": {
        "Fanart_Image": "http://content.tv3.ie/content/microsite/157557_chase_bg.jpg", 
        "Title": "Chase"
    },
    "All Star Mr and Mrs": {
        "Fanart_Image": "http://content.tv3.ie/content/microsite/45442_background.jpg", 
        "Title": "All Star Mr and Mrs"
    },
    "Celebrity Salon": {
        "Fanart_Image": "http://content.tv3.ie/content/microsite/117097_celebrity-salon-main.jpg", 
        "Title": "Celebrity Salon"
    },
    "Downton Abbey": {
        "Fanart_Image": "http://content.tv3.ie/content/microsite/157370_downton_abby_bg.jpg", 
        "Title": "Downton Abbey"
    },
    "Dream Debs": {
        "Fanart_Image": "http://content.tv3.ie/content/microsite/139324_dream_debs_bg.jpg", 
        "Title": "Dream Debs"
    },
    "Driving Me Crazy": {
        "Fanart_Image": "http://content.tv3.ie/content/microsite/158750_driving_bg.jpg", 
        "Title": "Driving Me Crazy"
    },
    "Ireland Caught on Camera": {
        "Fanart_Image": "http://content.tv3.ie/content/microsite/174072_caughtoncamera_bg.jpg", 
        "Title": "Ireland Caught on Camera"
    },
    "Ireland's Missing Mums": {
        "Fanart_Image": "http://content.tv3.ie/content/microsite/167289_missingmumsbg.jpg", 
        "Title": "Ireland's Missing Mums"
    },
    "Judge Judy": {
        "Fanart_Image": "http://content.tv3.ie/content/microsite/3417_judge_bkgr.jpg", 
        "Title": "Judge Judy"
    },
    "Monday Million": {
        "Fanart_Image": "http://content.tv3.ie/content/microsite/46759_background3.jpg", 
        "Title": "Monday Million"
    },
    "Style Wars": {
        "Fanart_Image": "http://content.tv3.ie/content/microsite/100519_stylewarsmain.jpg", 
        "Title": "Style Wars"
    },
    "The Morning Show": {
        "Fanart_Image": "http://content.tv3.ie/content/microsite/42951_themorningshow.jpg", 
        "Title": "The Morning Show"
    },
    "The Pillars of the Earth": {
        "Fanart_Image": "http://content.tv3.ie/content/microsite/127481_pillarsoftheearthbg.jpg", 
        "Title": "The Pillars of the Earth"
    },
    "The Tudors": {
        "Fanart_Image": "http://content.tv3.ie/content/microsite/112888_pageimage.jpg", 
        "Title": "The Tudors"
    },
    "Tonight with Vincent Browne": {
        "Fanart_Image": "http://content.tv3.ie/content/microsite/3386_page.jpg", 
        "Title": "Tonight with Vincent Browne"
    },
    "Xccelerate": {
        "Fanart_Image": "http://content.tv3.ie/content/microsite/170338_xccelerate_bg.jpg", 
        "Title": "Xccelerate"
    },
    "": {
        "Fanart_Image": "", 
        "Title": ""
    }
}