<?xml version="1.0" encoding="UTF-8" standalone="yes"?>
<addon id="repository.istream" name="iSTREAM XBMC Addons Repository" version="1.0" provider-name="iSTREAM">
	<extension point="xbmc.addon.repository" name="iSTREAM">
		<info compressed="false">http://istream-xbmc-repo.googlecode.com/svn/repo/addons.xml</info>
		<checksum>http://istream-xbmc-repo.googlecode.com/svn/repo/addons.xml.md5</checksum>
		<datadir zip="true">http://istream-xbmc-repo.googlecode.com/svn/repo/zips</datadir>
	</extension>
	<extension point="xbmc.addon.metadata">
		<summary>iSTREAM XBMC Addons and Extensions</summary>
		<description>iSTREAM XBMC Addons and Extensions</description>
		<platform>all</platform>
	</extension>
</addon>

