<?xml version="1.0" encoding="UTF-8"?>
<addon id="plugin.video.gameone" name="Gameone" version="2.0.3" provider-name="liquex, membrane">
	<requires>
		<import addon="xbmc.python" version="2.1.0"/>
	</requires>
	<extension point="xbmc.python.pluginsource" library="default.py">
		<provides>video</provides>
	</extension>
	<extension point="xbmc.addon.metadata">
		<platform>all</platform>
		<language>de</language>
		<source>https://github.com/liquex/gameone.de-on-XBMC</source>
		<forum>http://forum.xbmc.org/showthread.php?tid=186309</forum>
		<license>GNU GENERAL PUBLIC LICENSE Version 3, 29 June 2007</license>
		<summary lang="de">Gameone</summary>
		<description lang="de">Inhalte von gameone.de ansehen: TV Folgen, Blog, Playtube, Podcasts</description>
		<summary lang="en">Gameone</summary>
		<description lang="en">Watch german contents from gameone.de: TV Episodes, Blog, Playtube, Podcasts</description>
	</extension>
</addon>
