<?xml version="1.0" encoding="UTF-8" standalone="yes"?>
<addon id="plugin.video.xbmc-czech.PrimaTV"
       name="Prima TV"
       version="1.1"
       provider-name="Miroslav Vit">
  <requires>
    <import addon="xbmc.python" version="1.0"/>
  </requires>
  <extension point="xbmc.python.pluginsource" library="default.py">
    <provides>video</provides>
  </extension>
  <extension point="xbmc.addon.metadata">
    <platform>all</platform>
    <summary>Prima TV video-archive plugin</summary>
    <summary lang="cs">Prima TV - archiv</summary>
    <description>
        Plugin for plaing videos on http://www.prima.stream.cz
    </description>
    <description lang="cs">
        Plugin pro přehrávání videí z webu http://www.prima.stream.cz
    </description>
  </extension>
</addon>
