<?xml version="1.0" encoding="UTF-8" standalone="yes"?>
<addon id="metadata.serialzone.cz"
       name="SerialZone.cz"
        version="1.02"
       provider-name="kristi5">
  <requires>

    <import addon="xbmc.metadata" version="1.0"/>

  </requires>
  <extension point="xbmc.metadata.scraper.tvshows"
             language="cs"
             library="serialzone.cz.xml"/>
  <extension point="xbmc.addon.metadata">
    <summary lang="en">SerialZone.cz TV Series Scraper</summary>
    <summary lang="cs">SerialZone.cz Stahovac</summary>
    <description lang="en">Info scraper for SerialZone.cz. SerialZone contains description of czech and international TV/Movie series, episodes and actors in czech language.</description>
    <description lang="cs">Stahovač informací o serialech z SerialZone.cz. SerialZone obsahuje popisy českých i mezinárodních seriálů, jejich epizod a herců v českém jazyce. 
</description>
    <platform>all</platform>
  </extension>
</addon>
