<window type="window">
    <defaultcontrol>1320</defaultcontrol>
    <coordinates>
        <system>1</system>
        <posx>0</posx>
        <posy>0</posy>
    </coordinates>
    <allowoverlay>no</allowoverlay>
    <controls>
        <control type="image">
            <description>background</description>
            <posx>0</posx>
            <posy>0</posy>
            <width>1280</width>
            <height>720</height>
            <texture>bg.png</texture>
        </control>
        <control type="image">
            <description>sub-backgroung</description>
            <posx>0</posx>
            <posy>0</posy>
            <width>213</width>
            <height>720</height>
            <texture>search_left_background_1080.png</texture>
        </control>
        <control type="label" id="1301">
            <description>result-title</description>
            <posx>20</posx>
            <posy>20</posy>
            <width>340</width>
            <height>60</height>   
            <font>font30</font>
            <textcolor>ff005194</textcolor>
            <align>left</align>
            <aligny>top</aligny>
        </control>
        <control type="label" id="1302">
            <description>filter-duration</description>
            <posx>20</posx>
            <posy>120</posy>
            <width>340</width>
            <height>60</height>   
            <font>font16</font>
            <textcolor>ff005194</textcolor>
            <align>left</align>
            <aligny>top</aligny>
        </control>
        <control type="label" id="1303">
            <description>filter-order</description>
            <posx>20</posx>
            <posy>475</posy>
            <width>340</width>
            <height>60</height>   
            <font>font16</font>
            <textcolor>ff005194</textcolor>
            <align>left</align>
            <aligny>top</aligny>
        </control>
        <control type="panel" id="1304">
            <description>filter</description>
            <posx>270</posx>
            <posy>40</posy>
            <width>1000</width>
            <height>36</height>
            <viewtype>list</viewtype>
            <onleft>1313</onleft>
            <ondown>1320</ondown>
            <itemlayout width="140" height="36">
                <control type="image">
                    <posx>0</posx>
                    <posy>0</posy>
                    <width>120</width>
                    <height>36</height>        
                    <texture>channel_button_normal_720.png</texture>
                    <aspectratio>stretch</aspectratio>
                </control>    
                <control type="label">
                    <posx>60</posx>
                    <posy>0</posy>
                    <width>120</width>
                    <height>36</height>   
                    <font>font16</font>
                    <textcolor>white</textcolor>
                    <selectedcolor>ff0080ff</selectedcolor>
                    <shadowcolor>80000000</shadowcolor>
                    <align>center</align>
                    <aligny>center</aligny>
                    <info>ListItem.Label</info>
                </control>
            </itemlayout>
            <focusedlayout width="140" height="36">
                <control type="image">
                    <posx>0</posx>
                    <posy>0</posy>
                    <width>120</width>
                    <height>36</height>        
                    <texture>channel_button_focus_720.png</texture>
                    <aspectratio>stretch</aspectratio>
                </control>    
                <control type="label">
                    <posx>60</posx>
                    <posy>0</posy>
                    <width>120</width>
                    <height>36</height>   
                    <font>font16</font>
                    <textcolor>white</textcolor>
                    <selectedcolor>ff0080ff</selectedcolor>
                    <shadowcolor>80000000</shadowcolor>
                    <align>center</align>
                    <aligny>center</aligny>
                    <info>ListItem.Label</info>
                </control>
            </focusedlayout>
        </control>
        <control type="group" id="1313">
            <control type="panel" id="1310">
                <description>all-result</description>
                <posx>0</posx>
                <posy>60</posy>
                <width>200</width>
                <height>60</height>
                <viewtype>list</viewtype>
                <ondown>1311</ondown>
                <onright>1320</onright>
                <itemlayout width="200" height="65">
                    <control type="label">
                        <posx>30</posx>
                        <posy>0</posy>
                        <width>170</width>
                        <height>65</height>   
                        <font>font16</font>
                        <textcolor>white</textcolor>
                        <selectedcolor>ff0080ff</selectedcolor>
                        <shadowcolor>80000000</shadowcolor>
                        <align>left</align>
                        <aligny>center</aligny>
                        <info>ListItem.Label</info>
                    </control>
                </itemlayout>
                <focusedlayout width="200" height="65">
                    <control type="image">
                        <posx>0</posx>
                        <posy>0</posy>
                        <width>200</width>
                        <height>65</height>        
                        <texture>channel_tab_focus.png</texture>
                        <aspectratio>stretch</aspectratio>
                    </control>    
                    <control type="label">
                        <posx>30</posx>
                        <posy>0</posy>
                        <width>170</width>
                        <height>65</height>   
                        <font>font16</font>
                        <textcolor>white</textcolor>
                        <selectedcolor>ff0080ff</selectedcolor>
                        <shadowcolor>80000000</shadowcolor>
                        <align>left</align>
                        <aligny>center</aligny>
                        <info>ListItem.Label</info>
                    </control>
                </focusedlayout>
            </control>
            <control type="panel" id="1311">
                <description>duration</description>
                <posx>0</posx>
                <posy>155</posy>
                <width>200</width>
                <height>500</height>
                <viewtype>list</viewtype>
                <onup>1310</onup>
                <ondown>1312</ondown>
                <onright>1320</onright>
                <itemlayout width="200" height="65">
                    <control type="label">
                        <posx>30</posx>
                        <posy>0</posy>
                        <width>170</width>
                        <height>65</height>   
                        <font>font16</font>
                        <textcolor>white</textcolor>
                        <selectedcolor>ff0080ff</selectedcolor>
                        <shadowcolor>80000000</shadowcolor>
                        <align>left</align>
                        <aligny>center</aligny>
                        <info>ListItem.Label</info>
                    </control>
                </itemlayout>
                <focusedlayout width="200" height="65">
                    <control type="image">
                        <posx>0</posx>
                        <posy>0</posy>
                        <width>200</width>
                        <height>65</height>        
                        <texture>channel_tab_focus.png</texture>
                        <aspectratio>stretch</aspectratio>
                    </control>    
                    <control type="label">
                        <posx>30</posx>
                        <posy>0</posy>
                        <width>170</width>
                        <height>65</height>   
                        <font>font16</font>
                        <textcolor>white</textcolor>
                        <selectedcolor>ff0080ff</selectedcolor>
                        <shadowcolor>80000000</shadowcolor>
                        <align>left</align>
                        <aligny>center</aligny>
                        <info>ListItem.Label</info>
                    </control>
                </focusedlayout>
            </control>
            <control type="panel" id="1312">
                <description>order</description>
                <posx>0</posx>
                <posy>510</posy>
                <width>200</width>
                <height>220</height>
                <viewtype>list</viewtype>
                <onup>1311</onup>
                <ondown>-</ondown>
                <onright>1320</onright>
                <itemlayout width="200" height="65">
                    <control type="label">
                        <posx>30</posx>
                        <posy>0</posy>
                        <width>170</width>
                        <height>65</height>   
                        <font>font16</font>
                        <textcolor>white</textcolor>
                        <selectedcolor>ff0080ff</selectedcolor>
                        <shadowcolor>80000000</shadowcolor>
                        <align>left</align>
                        <aligny>center</aligny>
                        <info>ListItem.Label</info>
                    </control>
                </itemlayout>
                <focusedlayout width="200" height="65">
                    <control type="image">
                        <posx>0</posx>
                        <posy>0</posy>
                        <width>200</width>
                        <height>65</height>        
                        <texture>channel_tab_focus.png</texture>
                        <aspectratio>stretch</aspectratio>
                    </control>    
                    <control type="label">
                        <posx>30</posx>
                        <posy>0</posy>
                        <width>170</width>
                        <height>65</height>   
                        <font>font16</font>
                        <textcolor>white</textcolor>
                        <selectedcolor>ff0080ff</selectedcolor>
                        <shadowcolor>80000000</shadowcolor>
                        <align>left</align>
                        <aligny>center</aligny>
                        <info>ListItem.Label</info>
                    </control>
                </focusedlayout>
            </control>
        </control>
        <control type="group" id="1320">
            <control type="panel" id="1321">
                <description>shows</description>
                <posx>280</posx>
                <posy>100</posy>
                <width>1000</width>
                <height>600</height>
                <viewtype>list</viewtype>
                <onleft>1313</onleft>
                <onup>1304</onup>
                <ondown>-</ondown>
                <preloaditems>10</preloaditems>
                <itemlayout width="180" height="300">
                    <control type="image">
                        <posx>10</posx>
                        <posy>10</posy>
                        <width>160</width>
                        <height>240</height>        
                        <info>ListItem.Icon</info>
                        <aspectratio>stretch</aspectratio>
                    </control>    
                    <control type="label">
                        <posx>90</posx>
                        <posy>240</posy>
                        <width>160</width>
                        <height>60</height>   
                        <font>font16</font>
                        <textcolor>white</textcolor>
                        <shadowcolor>80000000</shadowcolor>
                        <align>center</align>
                        <aligny>center</aligny>
                        <info>ListItem.Label</info>
                    </control>
                    <control type="label">
                        <posx>155</posx>
                        <posy>230</posy>
                        <width>60</width>
                        <height>20</height>   
                        <font>font12</font>
                        <textcolor>red</textcolor>
                        <align>center</align>
                        <aligny>center</aligny>
                        <info>ListItem.Label2</info>
                    </control>
                </itemlayout>
                <focusedlayout width="180" height="300">
                    <control type="image">
                        <posx>10</posx>
                        <posy>10</posy>
                        <width>160</width>
                        <height>240</height>        
                        <info>ListItem.Icon</info>
                        <aspectratio>stretch</aspectratio>
                    </control>    
                    <control type="image">
                        <posx>6</posx>
                        <posy>6</posy>
                        <width>168</width>
                        <height>248</height>        
                        <texture>border-content.png</texture>
                        <aspectratio>stretch</aspectratio>
                    </control>    
                    <control type="label">
                        <posx>155</posx>
                        <posy>230</posy>
                        <width>60</width>
                        <height>20</height>   
                        <font>font12</font>
                        <textcolor>red</textcolor>
                        <align>center</align>
                        <aligny>center</aligny>
                        <info>ListItem.Label2</info>
                    </control>
                    <control type="label">
                        <posx>90</posx>
                        <posy>240</posy>
                        <width>160</width>
                        <height>60</height>   
                        <font>font16</font>
                        <textcolor>ff0080ff</textcolor>
                        <shadowcolor>80000000</shadowcolor>
                        <align>center</align>
                        <aligny>center</aligny>
                        <info>ListItem.Label</info>
                    </control>
                </focusedlayout>
            </control>
            <control type="panel" id="1322">
                <description>videos</description>
                <posx>260</posx>
                <posy>130</posy>
                <width>1000</width>
                <height>540</height>
                <viewtype>list</viewtype>
                <onleft>1313</onleft>
                <onup>1304</onup>
                <ondown>-</ondown>
                <preloaditems>10</preloaditems>
                <itemlayout width="250" height="180">
                    <control type="image">
                        <posx>10</posx>
                        <posy>10</posy>
                        <width>208</width>
                        <height>117</height>        
                        <info>ListItem.Icon</info>
                        <aspectratio>stretch</aspectratio>
                    </control>    
                    <control type="label">
                        <posx>119</posx>
                        <posy>120</posy>
                        <width>208</width>
                        <height>60</height>   
                        <font>font16</font>
                        <textcolor>white</textcolor>
                        <shadowcolor>80000000</shadowcolor>
                        <align>center</align>
                        <aligny>center</aligny>
                        <info>ListItem.Label</info>
                    </control>
                    <control type="label">
                        <posx>195</posx>
                        <posy>107</posy>
                        <width>60</width>
                        <height>20</height>   
                        <font>font12</font>
                        <textcolor>blue</textcolor>
                        <align>center</align>
                        <aligny>center</aligny>
                        <info>ListItem.Label2</info>
                    </control>
                </itemlayout>
                <focusedlayout width="250" height="180">
                    <control type="image">
                        <posx>10</posx>
                        <posy>10</posy>
                        <width>208</width>
                        <height>117</height>        
                        <info>ListItem.Icon</info>
                        <aspectratio>stretch</aspectratio>
                    </control>   
                    <control type="image">
                        <posx>6</posx>
                        <posy>6</posy>
                        <width>216</width>
                        <height>125</height>        
                        <texture>border-other.png</texture>
                        <aspectratio>stretch</aspectratio>
                    </control>     
                    <control type="label">
                        <posx>119</posx>
                        <posy>120</posy>
                        <width>208</width>
                        <height>60</height>   
                        <font>font16</font>
                        <textcolor>ff0080ff</textcolor>
                        <shadowcolor>80000000</shadowcolor>
                        <align>center</align>
                        <aligny>center</aligny>
                        <info>ListItem.Label</info>
                    </control>
                    <control type="label">
                        <posx>195</posx>
                        <posy>107</posy>
                        <width>60</width>
                        <height>20</height>   
                        <font>font12</font>
                        <textcolor>blue</textcolor>
                        <align>center</align>
                        <aligny>center</aligny>
                        <info>ListItem.Label2</info>
                    </control>
                </focusedlayout>
            </control>
        </control>
    </controls>
</window>
