<?xml version="1.0" encoding="UTF-8"?>
<addon id="plugin.video.canadanepal"
       name="CanadaNepal"
       version="0.4.3"
       provider-name="humla">
    <requires>
        <import addon="xbmc.python" version="2.1.0"/>
        <import addon="script.module.urlresolver" version="1.0.0"/>
        <import addon="script.module.t0mm0.common" version="1.0.0"/>
    </requires>
    <extension point="xbmc.python.pluginsource"
               library="default.py">
        <provides>video</provides>
    </extension>
    <extension point="xbmc.addon.metadata">
        <platform>all</platform>
        <summary>Watch Nepali TV serials from canadanepal.info</summary>
        <description>This XBMC plugin allows to watch Nepali TV serials, Live TV, Live FM and more videos from canadanepal.info</description>
    </extension>
</addon>
