<?xml version="1.0" encoding="UTF-8" standalone="yes"?>
<addon id="plugin.video.itv" name="ITV" version="2.2.0" provider-name="Mikey1234">
  <requires>
    <import addon="xbmc.python" version="2.1.0"/>
  </requires>
  <extension point="xbmc.python.pluginsource" library="default.py">
        <provides>video</provides>
  </extension>
  <extension point="xbmc.addon.metadata">
    <platform>all</platform>
    <summary>Plugin for ITV Player</summary>
    <description>ITV Player Front End</description>
    <disclaimer lang="en">By using This Plugin You will receive sometimes an advert which helps funds the developers developing.....we all thank you!!</disclaimer>
  </extension>
</addon>
