<?xml version="1.0" encoding="UTF-8" standalone="yes"?>
<addon id="service.subtitles.undertexter" name="Undertexter.se" version="2.0.0" provider-name="xit">
	<requires>
		<import addon="xbmc.python" version="2.1.0"/>
	</requires>
	<extension point="xbmc.subtitle.module" library="service.py" />
	<extension point="xbmc.addon.metadata">
		<summary lang="en">Undertexter.se</summary>
		<description lang="en">Search and download subtitles from Undertexter.se (Swedish and English subtitles only)</description>
		<description lang="sv">Sök och ladda ner undertexter från Undertexter.se (Endast svenska och engelska undertexter)</description>
		<disclaimer lang="en"></disclaimer>
		<disclaimer lang="sv"></disclaimer>
		<platform>all</platform>
		<license>GNU GENERAL PUBLIC LICENSE. Version 2, June 1991</license>
		<forum>http://forum.xbmc.org/showthread.php?tid=201638</forum>
		<website></website>
		<email></email>
		<source>https://github.com/xit/service.subtitles.undertexter</source>   
	</extension>
</addon>
