	<!-- Ace -->

	<window id="625" type="dialog">
	<defaultcontrol allways="true">9030</defaultcontrol>
	<onunload condition="Window.IsActive(25)">ActivateWindowAndFocus(25, 9201,0)</onunload>
	<onunload condition="Window.IsActive(500)">ActivateWindowAndFocus(500, 9201,0)</onunload>
	<onunload condition="Window.IsActive(501)">ActivateWindowAndFocus(501, 9201,0)</onunload>
	<onunload condition="Window.IsActive(502)">ActivateWindowAndFocus(502, 9201,0)</onunload>
	<controls>
	<control type="group">
	<include>Animation_DialogPopup</include>
	<control type="image">
	<posx>110</posx>
	<posy>0</posy>
	<width>30</width>
	<height>720</height>
	<texture flipx="true">shadow.png</texture>
	<colordiffuse>C3FFFFFF</colordiffuse>
	</control>
	<control type="image">
	<posx>1140</posx>
	<posy>0</posy>
	<width>30</width>
	<height>720</height>
	<texture>shadow.png</texture>
	<colordiffuse>C3FFFFFF</colordiffuse>
	</control>
	<control type="image">
	<posx>140</posx>
	<posy>0</posy>
	<width>1000</width>
	<height>720</height>
	<texture>darkgrey.png</texture>
	<colordiffuse>$VAR[value_texturecolor]</colordiffuse>
	<include>Animation_DefaultGlass</include>
	</control>
	<control type="image">
	<posx>140</posx>
	<posy>0</posy>
	<width>1000</width>
	<height>80</height>
	<texture>black.png</texture>
	<colordiffuse>90FFFFFF</colordiffuse>
	</control>
	<control type="label">
	<posx>215</posx>
	<posy>23</posy>
	<width>852</width>
	<height>30</height>
	<label>31479</label>
	<font>Font_32</font>
	<textcolor>FFFFFAF0</textcolor>
	<align>center</align>
	<aligny>center</aligny>
	<include>Animation_Fade</include>
	</control>
	<control type="grouplist" id="9030">
	<posx>140</posx>
	<posy>100</posy>
	<width>1000</width>
	<height>600</height>
	<itemgap>0</itemgap>
	<onleft>Close</onleft>
	<onright>Close</onright>
	<control type="radiobutton" id="19265"><!-- Sets --><!-- 65 -->
	<radioposx>894</radioposx>
	<label>31826</label>
	<onclick>Skin.ToggleSetting(noviewsets_video)</onclick>
	<selected>!Skin.HasSetting(noviewsets_video)</selected>
	<enable>Container.Content(movies) | Container.Content(sets)</enable>
	<visible>Window.IsActive(25)</visible>
	</control>
	<control type="radiobutton" id="19252"><!-- Banner --><!-- 52 -->
	<radioposx>894</radioposx>
	<label>31811</label>
	<onclick>Skin.ToggleSetting(noviewbanner_video)</onclick>
	<selected>!Skin.HasSetting(noviewbanner_video)</selected>
	<enable>Container.Content(movies) | Container.Content(tvshows)</enable>
	<visible>Window.IsActive(25)</visible>
	</control>
	<control type="radiobutton" id="19253"><!-- BannerInfo --><!-- 53 -->
	<radioposx>894</radioposx>
	<label>31812</label>
	<onclick>Skin.ToggleSetting(noviewbannerinfo_video)</onclick>
	<selected>!Skin.HasSetting(noviewbannerinfo_video)</selected>
	<enable>Container.Content(movies) | Container.Content(tvshows)</enable>
	<visible>Window.IsActive(25)</visible>
	</control>
	<control type="radiobutton" id="19254"><!-- Poster --><!-- 54 -->
	<radioposx>894</radioposx>
	<label>31808</label>
	<onclick>Skin.ToggleSetting(noviewposter_video)</onclick>
	<selected>!Skin.HasSetting(noviewposter_video)</selected>
	<enable>!Container.Content(years)</enable>
	<visible>Window.IsActive(25)</visible>
	</control>
	<control type="radiobutton" id="19255"><!-- Low List --><!-- 55 -->
	<radioposx>894</radioposx>
	<label>31807</label>
	<onclick>Skin.ToggleSetting(noviewlowlist_video)</onclick>
	<selected>!Skin.HasSetting(noviewlowlist_video)</selected>
	<visible>Window.IsActive(25)</visible>
	</control>
	<control type="radiobutton" id="19256"><!-- Wall --><!-- 56 -->
	<radioposx>894</radioposx>
	<label>31805</label>
	<onclick>Skin.ToggleSetting(noviewwall_video)</onclick>
	<selected>!Skin.HasSetting(noviewwall_video)</selected>
	<enable>![Container.Content(episodes) | Container.Content(sets) | Container.Content(years)]</enable>
	<visible>Window.IsActive(25)</visible>
	</control>
	<control type="radiobutton" id="19257"><!-- GlassList --><!-- 57 -->
	<radioposx>894</radioposx>
	<label>31827</label>
	<onclick>Skin.ToggleSetting(noviewglasslist_video)</onclick>
	<selected>!Skin.HasSetting(noviewglasslist_video)</selected>
	<enable>![Container.Content(episodes) | Container.Content(years)]</enable>
	<visible>Window.IsActive(25)</visible>
	</control>
	<control type="radiobutton" id="19258"><!-- CoverFlow --><!-- 58 -->
	<radioposx>894</radioposx>
	<label>31810</label>
	<onclick>Skin.ToggleSetting(noviewcoverflow_video)</onclick>
	<selected>!Skin.HasSetting(noviewcoverflow_video)</selected>
	<enable>![Container.Content(episodes) | Container.Content(years) | Container.Content(genres)]</enable>
	<visible>Window.IsActive(25)</visible>
	</control>
	<control type="radiobutton" id="19259"><!-- RightList --><!-- 59 -->
	<radioposx>894</radioposx>
	<label>31828</label>
	<onclick>Skin.ToggleSetting(noviewrightlist_video)</onclick>
	<selected>!Skin.HasSetting(noviewrightlist_video)</selected>
	<enable>!Container.Content(years)</enable>
	<visible>Window.IsActive(25)</visible>
	</control>
	<control type="radiobutton" id="19260"><!-- ShowArt --><!-- 60 -->
	<radioposx>894</radioposx>
	<label>31821</label>
	<onclick>Skin.ToggleSetting(noviewshowart_video)</onclick>
	<selected>!Skin.HasSetting(noviewshowart_video)</selected>
	<enable>![Container.Content(episodes) | Container.Content(sets) | Container.Content(years) | Container.Content(genres)]</enable>
	<visible>Window.IsActive(25)</visible>
	</control>
	<control type="radiobutton" id="19261"><!-- Multiplex --><!-- 61 -->
	<radioposx>894</radioposx>
	<label>31803</label>
	<onclick>Skin.ToggleSetting(noviewmultiplex_video)</onclick>
	<selected>!Skin.HasSetting(noviewmultiplex_video)</selected>
	<enable>![Container.Content(episodes) | Container.Content(years)]</enable>
	<visible>Window.IsActive(25)</visible>
	</control>
	<control type="radiobutton" id="19262"><!-- Panel --><!-- 62 -->
	<radioposx>894</radioposx>
	<label>31818</label>
	<onclick>Skin.ToggleSetting(noviewpanel_video)</onclick>
	<selected>!Skin.HasSetting(noviewpanel_video)</selected>
	<enable>!Container.Content(years)</enable>
	<visible>Window.IsActive(25)</visible>
	</control>
	<control type="radiobutton" id="19263"><!-- Shelf --><!-- 63 -->
	<radioposx>894</radioposx>
	<label>31809</label>
	<onclick>Skin.ToggleSetting(noviewshelf_video)</onclick>
	<selected>!Skin.HasSetting(noviewshelf_video)</selected>
	<enable>![Container.Content(episodes) | Container.Content(years)]</enable>
	<visible>Window.IsActive(25)</visible>
	</control>
	<control type="radiobutton" id="19264"><!-- LandScapeX --><!-- 64 -->
	<radioposx>894</radioposx>
	<label>31804</label>
	<onclick>Skin.ToggleSetting(noviewlandscapex_video)</onclick>
	<selected>!Skin.HasSetting(noviewlandscapex_video)</selected>
	<enable>Container.Content(tvshows) | Container.Content(episodes)</enable>
	<visible>Window.IsActive(25)</visible>
	</control>
	</control>
	</control>
	</controls>
	</window>