	<!-- Ace -->

	<window id="5004" type="dialog"><!-- SubMenu Music - 4 -->
	<defaultcontrol>-</defaultcontrol>
	<onload condition="!StringCompare(Container(9100).numitems,0)">SetFocus(9100)</onload>
	<onload condition="StringCompare(Container(9100).numitems,0)">SetFocus(9101)</onload>
	<onunload>Skin.Reset(submode)</onunload>
	<controls>
	<control type="group">
	<visible>Window.IsVisible(0) | Window.IsVisible(6000)</visible>
	<include condition="Skin.HasSetting(custommode)">SubmenuCustom</include>
	<control type="group"><!-- default group -->
	<include>Animation_SubMenu</include>
	<control type="fadelabel"><!-- Titulo do submenu -->
	<include>SubmenuTitle</include>
	<label>31201</label>
	<label fallback="31002">$INFO[skin.string(music.label)]</label>
	<visible>SubString(skin.string(menu),vertical) | Skin.HasSetting(custommode)</visible>
	</control>
	<include condition="SubString(skin.string(menu),horizontal) + !Skin.HasSetting(custommode)">SubmenuBar</include>
	<control type="button" id="9101"><!-- Botao vazio -->
	<include condition="SubString(skin.string(menu),vertical)">emptybutton_v</include>
	<include condition="SubString(skin.string(menu),horizontal)">emptybutton_h</include>
	<visible>StringCompare(Container(9100).numitems,0) + !Skin.HasSetting(custommode)</visible>
	</control>
	<include condition="SubString(skin.string(menu),vertical) | Skin.HasSetting(custommode)">SubmenuGoTo</include><!-- Para menu -->
	<control type="list" id="9100">
	<include condition="SubString(skin.string(menu),vertical) | Skin.HasSetting(custommode)">SubmenuVList</include>
	<include condition="SubString(skin.string(menu),horizontal) + !Skin.HasSetting(custommode)">SubmenuHList</include>
	<content>
	<item><!-- Adicionar Favorito -->
	<include>subaddfav</include>
	<property name="name">music</property>
	<visible>Skin.HasSetting(custommode)</visible>
	</item>
	<item><!-- Adicionar Playlist de Video -->
	<include>subaddvpl</include>
	<property name="name">music</property>
	<visible>Skin.HasSetting(custommode)</visible>
	</item>
	<item><!-- Adicionar Vnodes -->
	<include>subaddvnodes</include>
	<property name="name">music</property>
	<visible>Skin.HasSetting(custommode)</visible>
	</item>
	<item><!-- Adicionar Playlist de Audio -->
	<include>subaddapl</include>
	<property name="name">music</property>
	<visible>Skin.HasSetting(custommode)</visible>
	</item>
	<item><!-- Adicionar Addon -->
	<include>subaddaddon</include>
	<property name="name">music</property>
	<visible>Skin.HasSetting(custommode)</visible>
	</item>
	<item><!-- Favorito 1 -->
	<include>subfav1</include>
	<visible>[StringCompare(skin.string(subfav1.property),music) + SubString(skin.string(subfav1.submenu),on)]</visible>
	</item>
	<item><!-- Favorito 2 -->
	<include>subfav2</include>
	<visible>[StringCompare(skin.string(subfav2.property),music) + SubString(skin.string(subfav2.submenu),on)]</visible>
	</item>
	<item><!-- Favorito 3 -->
	<include>subfav3</include>
	<visible>[StringCompare(skin.string(subfav3.property),music) + SubString(skin.string(subfav3.submenu),on)]</visible>
	</item>
	<item><!-- Favorito 4 -->
	<include>subfav4</include>
	<visible>[StringCompare(skin.string(subfav4.property),music) + SubString(skin.string(subfav4.submenu),on)]</visible>
	</item>
	<item><!-- Favorito 5 -->
	<include>subfav5</include>
	<visible>[StringCompare(skin.string(subfav5.property),music) + SubString(skin.string(subfav5.submenu),on)]</visible>
	</item>
	<item><!-- Favorito 6 -->
	<include>subfav6</include>
	<visible>[StringCompare(skin.string(subfav6.property),music) + SubString(skin.string(subfav6.submenu),on)]</visible>
	</item>
	<item><!-- Favorito 7 -->
	<include>subfav7</include>
	<visible>[StringCompare(skin.string(subfav7.property),music) + SubString(skin.string(subfav7.submenu),on)]</visible>
	</item>
	<item><!-- Favorito 8 -->
	<include>subfav8</include>
	<visible>[StringCompare(skin.string(subfav8.property),music) + SubString(skin.string(subfav8.submenu),on)]</visible>
	</item>
	<item><!-- Favorito 9 -->
	<include>subfav9</include>
	<visible>[StringCompare(skin.string(subfav9.property),music) + SubString(skin.string(subfav9.submenu),on)]</visible>
	</item>
	<item><!-- Favorito 10 -->
	<include>subfav10</include>
	<visible>[StringCompare(skin.string(subfav10.property),music) + SubString(skin.string(subfav10.submenu),on)]</visible>
	</item>
	<item><!-- Favorito 11 -->
	<include>subfav11</include>
	<visible>[StringCompare(skin.string(subfav11.property),music) + SubString(skin.string(subfav11.submenu),on)]</visible>
	</item>
	<item><!-- Favorito 12 -->
	<include>subfav12</include>
	<visible>[StringCompare(skin.string(subfav12.property),music) + SubString(skin.string(subfav12.submenu),on)]</visible>
	</item>
	<item><!-- Playlist de video 1 -->
	<include>subvpl1</include>
	<visible>[StringCompare(skin.string(subvpl1.property),music) + SubString(skin.string(subvpl1.submenu),on)]</visible>
	</item>
	<item><!-- Playlist de video 2 -->
	<include>subvpl2</include>
	<visible>[StringCompare(skin.string(subvpl2.property),music) + SubString(skin.string(subvpl2.submenu),on)]</visible>
	</item>
	<item><!-- Playlist de video 3 -->
	<include>subvpl3</include>
	<visible>[StringCompare(skin.string(subvpl3.property),music) + SubString(skin.string(subvpl3.submenu),on)]</visible>
	</item>
	<item><!-- Playlist de video 4 -->
	<include>subvpl4</include>
	<visible>[StringCompare(skin.string(subvpl4.property),music) + SubString(skin.string(subvpl4.submenu),on)]</visible>
	</item>
	<item><!-- Playlist de video 5 -->
	<include>subvpl5</include>
	<visible>[StringCompare(skin.string(subvpl5.property),music) + SubString(skin.string(subvpl5.submenu),on)]</visible>
	</item>
	<item><!-- Playlist de video 6 -->
	<include>subvpl6</include>
	<visible>[StringCompare(skin.string(subvpl6.property),music) + SubString(skin.string(subvpl6.submenu),on)]</visible>
	</item>
	<item><!-- Playlist de video 7 -->
	<include>subvpl7</include>
	<visible>[StringCompare(skin.string(subvpl7.property),music) + SubString(skin.string(subvpl7.submenu),on)]</visible>
	</item>
	<item><!-- Playlist de video 8 -->
	<include>subvpl8</include>
	<visible>[StringCompare(skin.string(subvpl8.property),music) + SubString(skin.string(subvpl8.submenu),on)]</visible>
	</item>
	<item><!-- Playlist de video 9 -->
	<include>subvpl9</include>
	<visible>[StringCompare(skin.string(subvpl9.property),music) + SubString(skin.string(subvpl9.submenu),on)]</visible>
	</item>
	<item><!-- Playlist de video 10 -->
	<include>subvpl10</include>
	<visible>[StringCompare(skin.string(subvpl10.property),music) + SubString(skin.string(subvpl10.submenu),on)]</visible>
	</item>
	<item><!-- Playlist de video 11 -->
	<include>subvpl11</include>
	<visible>[StringCompare(skin.string(subvpl11.property),music) + SubString(skin.string(subvpl11.submenu),on)]</visible>
	</item>
	<item><!-- Playlist de video 12 -->
	<include>subvpl12</include>
	<visible>[StringCompare(skin.string(subvpl12.property),music) + SubString(skin.string(subvpl12.submenu),on)]</visible>
	</item>
	<item><!-- VNodes 1 -->
	<include>subvnodes1</include>
	<visible>[StringCompare(skin.string(subvnodes1.property),music) + SubString(skin.string(subvnodes1.submenu),on)]</visible>
	</item>
	<item><!-- VNodes 2 -->
	<include>subvnodes2</include>
	<visible>[StringCompare(skin.string(subvnodes2.property),music) + SubString(skin.string(subvnodes2.submenu),on)]</visible>
	</item>
	<item><!-- VNodes 3 -->
	<include>subvnodes3</include>
	<visible>[StringCompare(skin.string(subvnodes3.property),music) + SubString(skin.string(subvnodes3.submenu),on)]</visible>
	</item>
	<item><!-- VNodes 4 -->
	<include>subvnodes4</include>
	<visible>[StringCompare(skin.string(subvnodes4.property),music) + SubString(skin.string(subvnodes4.submenu),on)]</visible>
	</item>
	<item><!-- VNodes 5 -->
	<include>subvnodes5</include>
	<visible>[StringCompare(skin.string(subvnodes5.property),music) + SubString(skin.string(subvnodes5.submenu),on)]</visible>
	</item>
	<item><!-- VNodes 6 -->
	<include>subvnodes6</include>
	<visible>[StringCompare(skin.string(subvnodes6.property),music) + SubString(skin.string(subvnodes6.submenu),on)]</visible>
	</item>
	<item><!-- VNodes 7 -->
	<include>subvnodes7</include>
	<visible>[StringCompare(skin.string(subvnodes7.property),music) + SubString(skin.string(subvnodes7.submenu),on)]</visible>
	</item>
	<item><!-- VNodes 8 -->
	<include>subvnodes8</include>
	<visible>[StringCompare(skin.string(subvnodes8.property),music) + SubString(skin.string(subvnodes8.submenu),on)]</visible>
	</item>
	<item><!-- VNodes 9 -->
	<include>subvnodes9</include>
	<visible>[StringCompare(skin.string(subvnodes9.property),music) + SubString(skin.string(subvnodes9.submenu),on)]</visible>
	</item>
	<item><!-- VNodes 10 -->
	<include>subvnodes10</include>
	<visible>[StringCompare(skin.string(subvnodes10.property),music) + SubString(skin.string(subvnodes10.submenu),on)]</visible>
	</item>
	<item><!-- VNodes 11 -->
	<include>subvnodes11</include>
	<visible>[StringCompare(skin.string(subvnodes11.property),music) + SubString(skin.string(subvnodes11.submenu),on)]</visible>
	</item>
	<item><!-- VNodes 12 -->
	<include>subvnodes12</include>
	<visible>[StringCompare(skin.string(subvnodes12.property),music) + SubString(skin.string(subvnodes12.submenu),on)]</visible>
	</item>
	<item><!-- Playlist de audio 1 -->
	<include>subapl1</include>
	<visible>[StringCompare(skin.string(subapl1.property),music) + SubString(skin.string(subapl1.submenu),on)]</visible>
	</item>
	<item><!-- Playlist de audio 2 -->
	<include>subapl2</include>
	<visible>[StringCompare(skin.string(subapl2.property),music) + SubString(skin.string(subapl2.submenu),on)]</visible>
	</item>
	<item><!-- Playlist de audio 3 -->
	<include>subapl3</include>
	<visible>[StringCompare(skin.string(subapl3.property),music) + SubString(skin.string(subapl3.submenu),on)]</visible>
	</item>
	<item><!-- Playlist de audio 4 -->
	<include>subapl4</include>
	<visible>[StringCompare(skin.string(subapl4.property),music) + SubString(skin.string(subapl4.submenu),on)]</visible>
	</item>
	<item><!-- Playlist de audio 5 -->
	<include>subapl5</include>
	<visible>[StringCompare(skin.string(subapl5.property),music) + SubString(skin.string(subapl5.submenu),on)]</visible>
	</item>
	<item><!-- Playlist de audio 6 -->
	<include>subapl6</include>
	<visible>[StringCompare(skin.string(subapl6.property),music) + SubString(skin.string(subapl6.submenu),on)]</visible>
	</item>
	<item><!-- Playlist de audio 7 -->
	<include>subapl7</include>
	<visible>[StringCompare(skin.string(subapl7.property),music) + SubString(skin.string(subapl7.submenu),on)]</visible>
	</item>
	<item><!-- Playlist de audio 8 -->
	<include>subapl8</include>
	<visible>[StringCompare(skin.string(subapl8.property),music) + SubString(skin.string(subapl8.submenu),on)]</visible>
	</item>
	<item><!-- Playlist de audio 9 -->
	<include>subapl9</include>
	<visible>[StringCompare(skin.string(subapl9.property),music) + SubString(skin.string(subapl9.submenu),on)]</visible>
	</item>
	<item><!-- Playlist de audio 10 -->
	<include>subapl10</include>
	<visible>[StringCompare(skin.string(subapl10.property),music) + SubString(skin.string(subapl10.submenu),on)]</visible>
	</item>
	<item><!-- Playlist de audio 11 -->
	<include>subapl11</include>
	<visible>[StringCompare(skin.string(subapl11.property),music) + SubString(skin.string(subapl11.submenu),on)]</visible>
	</item>
	<item><!-- Playlist de audio 12 -->
	<include>subapl12</include>
	<visible>[StringCompare(skin.string(subapl12.property),music) + SubString(skin.string(subapl12.submenu),on)]</visible>
	</item>
	<item><!-- Addon 1 -->
	<include>subaddon1</include>
	<visible>[StringCompare(skin.string(subaddon1.property),music) + SubString(skin.string(subaddon1.submenu),on)]</visible>
	</item>
	<item><!-- Addon 2 -->
	<include>subaddon2</include>
	<visible>[StringCompare(skin.string(subaddon2.property),music) + SubString(skin.string(subaddon2.submenu),on)]</visible>
	</item>
	<item><!-- Addon 3 -->
	<include>subaddon3</include>
	<visible>[StringCompare(skin.string(subaddon3.property),music) + SubString(skin.string(subaddon3.submenu),on)]</visible>
	</item>
	<item><!-- Addon 4 -->
	<include>subaddon4</include>
	<visible>[StringCompare(skin.string(subaddon4.property),music) + SubString(skin.string(subaddon4.submenu),on)]</visible>
	</item>
	<item><!-- Addon 5 -->
	<include>subaddon5</include>
	<visible>[StringCompare(skin.string(subaddon5.property),music) + SubString(skin.string(subaddon5.submenu),on)]</visible>
	</item>
	<item><!-- Addon 6 -->
	<include>subaddon6</include>
	<visible>[StringCompare(skin.string(subaddon6.property),music) + SubString(skin.string(subaddon6.submenu),on)]</visible>
	</item>
	<item><!-- Addon 7 -->
	<include>subaddon7</include>
	<visible>[StringCompare(skin.string(subaddon7.property),music) + SubString(skin.string(subaddon7.submenu),on)]</visible>
	</item>
	<item><!-- Addon 8 -->
	<include>subaddon8</include>
	<visible>[StringCompare(skin.string(subaddon8.property),music) + SubString(skin.string(subaddon8.submenu),on)]</visible>
	</item>
	<item><!-- Addon 9 -->
	<include>subaddon9</include>
	<visible>[StringCompare(skin.string(subaddon9.property),music) + SubString(skin.string(subaddon9.submenu),on)]</visible>
	</item>
	<item><!-- Addon 10 -->
	<include>subaddon10</include>
	<visible>[StringCompare(skin.string(subaddon10.property),music) + SubString(skin.string(subaddon10.submenu),on)]</visible>
	</item>
	<item><!-- Addon 11 -->
	<include>subaddon11</include>
	<visible>[StringCompare(skin.string(subaddon11.property),music) + SubString(skin.string(subaddon11.submenu),on)]</visible>
	</item>
	<item><!-- Addon 12 -->
	<include>subaddon12</include>
	<visible>[StringCompare(skin.string(subaddon12.property),music) + SubString(skin.string(subaddon12.submenu),on)]</visible>
	</item>
	<item><!-- Recently Played -->
	<label fallback="31043">$INFO[skin.string(musicrecentlyplayed.label)]</label>
	<icon fallback="-">$INFO[skin.string(musicrecentlyplayed.bg)]</icon>
	<property name="condition">$INFO[skin.string(musicrecentlyplayed.submenu),on)]</property>
	<property name="empty">true</property>
	<property name="type">default</property>
	<property name="name">musicrecentlyplayed</property>
	<onclick condition="!Skin.HasSetting(custommode)">Close</onclick>
	<onclick condition="!Skin.HasSetting(custommode)">ActivateWindow(musiclibrary,recentlyplayedalbums,return)</onclick>
	<onclick condition="Skin.HasSetting(custommode)">SetFocus(5120)</onclick>
	<visible>[SubString(skin.string(musicrecentlyplayed.submenu),on) | Skin.HasSetting(custommode)]</visible>
	</item>
	<item><!-- Recently Added -->
	<label fallback="31583">$INFO[skin.string(musicrecently.label)]</label>
	<icon fallback="-">$INFO[skin.string(musicrecently.bg)]</icon>
	<property name="condition">$INFO[skin.string(musicrecently.submenu),on)]</property>
	<property name="empty">true</property>
	<property name="type">default</property>
	<property name="name">musicrecently</property>
	<onclick condition="!Skin.HasSetting(custommode)">Close</onclick>
	<onclick condition="!Skin.HasSetting(custommode)">ActivateWindow(musiclibrary,recentlyaddedalbums,return)</onclick>
	<onclick condition="Skin.HasSetting(custommode)">SetFocus(5120)</onclick>
	<visible>[SubString(skin.string(musicrecently.submenu),on) | Skin.HasSetting(custommode)]</visible>
	</item>
	<item><!-- Video Clips -->
	<label fallback="31949">$INFO[skin.string(musicvideoclips.label)]</label>
	<icon fallback="-">$INFO[skin.string(musicvideoclips.bg)]</icon>
	<property name="condition">$INFO[skin.string(musicvideoclips.submenu),on)]</property>
	<property name="empty">true</property>
	<property name="type">default</property>
	<property name="name">musicvideoclips</property>
	<onclick condition="!Skin.HasSetting(custommode)">Close</onclick>
	<onclick condition="!Skin.HasSetting(custommode)">ActivateWindow(videos,plugin://plugin.video.youtube/?path=/root/search&amp;feed=search&amp;search=$INFO[MusicPlayer.Artist],return)</onclick>
	<onclick condition="Skin.HasSetting(custommode)">SetFocus(5120)</onclick>
	<visible>[SubString(skin.string(musicvideoclips.submenu),on) | Skin.HasSetting(custommode)] + Player.HasAudio</visible>
	</item>
	<item><!-- Genres -->
	<label fallback="31091">$INFO[skin.string(musicgenres.label)]</label>
	<icon fallback="-">$INFO[skin.string(musicgenres.bg)]</icon>
	<property name="condition">$INFO[skin.string(musicgenres.submenu),on)]</property>
	<property name="empty">true</property>
	<property name="type">default</property>
	<property name="name">musicgenres</property>
	<onclick condition="!Skin.HasSetting(custommode)">Close</onclick>
	<onclick condition="!Skin.HasSetting(custommode)">ActivateWindow(musiclibrary,genres,return)</onclick>
	<onclick condition="Skin.HasSetting(custommode)">SetFocus(5120)</onclick>
	<visible>[SubString(skin.string(musicgenres.submenu),on) | Skin.HasSetting(custommode)]</visible>
	</item>
	<item><!-- Playlists -->
	<label fallback="31092">$INFO[skin.string(musicplaylists.label)]</label>
	<icon fallback="-">$INFO[skin.string(musicplaylists.bg)]</icon>
	<property name="condition">$INFO[skin.string(musicplaylists.submenu),on)]</property>
	<property name="empty">true</property>
	<property name="type">default</property>
	<property name="name">musicplaylists</property>
	<onclick condition="!Skin.HasSetting(custommode)">Close</onclick>
	<onclick condition="!Skin.HasSetting(custommode)">ActivateWindow(musiclibrary,playlists,return)</onclick>
	<onclick condition="Skin.HasSetting(custommode)">SetFocus(5120)</onclick>
	<visible>[SubString(skin.string(musicplaylists.submenu),on) | Skin.HasSetting(custommode)]</visible>
	</item>
	<item><!-- Artists -->
	<label fallback="31037">$INFO[skin.string(musicartists.label)]</label>
	<icon fallback="-">$INFO[skin.string(musicartists.bg)]</icon>
	<property name="condition">$INFO[skin.string(musicartists.submenu),on)]</property>
	<property name="empty">true</property>
	<property name="type">default</property>
	<property name="name">musicartists</property>
	<onclick condition="!Skin.HasSetting(custommode)">Close</onclick>
	<onclick condition="!Skin.HasSetting(custommode)">ActivateWindow(musiclibrary,artists,return)</onclick>
	<onclick condition="Skin.HasSetting(custommode)">SetFocus(5120)</onclick>
	<visible>[SubString(skin.string(musicartists.submenu),on) | Skin.HasSetting(custommode)]</visible>
	</item>
	<item><!-- Albums -->
	<label fallback="31040">$INFO[skin.string(musicalbums.label)]</label>
	<icon fallback="-">$INFO[skin.string(musicalbums.bg)]</icon>
	<property name="condition">$INFO[skin.string(musicalbums.submenu),on)]</property>
	<property name="empty">true</property>
	<property name="type">default</property>
	<property name="name">musicalbums</property>
	<onclick condition="!Skin.HasSetting(custommode)">Close</onclick>
	<onclick condition="!Skin.HasSetting(custommode)">ActivateWindow(musiclibrary,albums,return)</onclick>
	<onclick condition="Skin.HasSetting(custommode)">SetFocus(5120)</onclick>
	<visible>[SubString(skin.string(musicalbums.submenu),on) | Skin.HasSetting(custommode)]</visible>
	</item>
	<item><!-- Partymode -->
	<label fallback="31038">$INFO[skin.string(musicpartymode.label)]</label>
	<icon fallback="-">$INFO[skin.string(musicpartymode.bg)]</icon>
	<property name="condition">$INFO[skin.string(musicpartymode.submenu),on)]</property>
	<property name="empty">true</property>
	<property name="type">default</property>
	<property name="name">musicpartymode</property>
	<onclick condition="!Skin.HasSetting(custommode)">Close</onclick>
	<onclick condition="!Skin.HasSetting(custommode)">PlayerControl(Partymode(music))</onclick>
	<onclick condition="Skin.HasSetting(custommode)">SetFocus(5120)</onclick>
	<visible>[SubString(skin.string(musicpartymode.submenu),on) | Skin.HasSetting(custommode)]</visible>
	</item>
	<item><!-- Compilations -->
	<label fallback="31041">$INFO[skin.string(musiccompilations.label)]</label>
	<icon fallback="-">$INFO[skin.string(musiccompilations.bg)]</icon>
	<property name="condition">$INFO[skin.string(musiccompilations.submenu),on)]</property>
	<property name="empty">true</property>
	<property name="type">default</property>
	<property name="name">musiccompilations</property>
	<onclick condition="!Skin.HasSetting(custommode)">Close</onclick>
	<onclick condition="!Skin.HasSetting(custommode)">ActivateWindow(musiclibrary,compilations,return)</onclick>
	<onclick condition="Skin.HasSetting(custommode)">SetFocus(5120)</onclick>
	<visible>[SubString(skin.string(musiccompilations.submenu),on) | Skin.HasSetting(custommode)]</visible>
	</item>
	<item><!-- Top100 -->
	<label fallback="31042">$INFO[skin.string(musictop100.label)]</label>
	<icon fallback="-">$INFO[skin.string(musictop100.bg)]</icon>
	<property name="condition">$INFO[skin.string(musictop100.submenu),on)]</property>
	<property name="empty">true</property>
	<property name="type">default</property>
	<property name="name">musictop100</property>
	<onclick condition="!Skin.HasSetting(custommode)">Close</onclick>
	<onclick condition="!Skin.HasSetting(custommode)">ActivateWindow(musiclibrary,top100,return)</onclick>
	<onclick condition="Skin.HasSetting(custommode)">SetFocus(5120)</onclick>
	<visible>[SubString(skin.string(musictop100.submenu),on) | Skin.HasSetting(custommode)]</visible>
	</item>
	<item><!-- Global search -->
	<label fallback="31746">$INFO[skin.string(musicglobalsearch.label)]</label>
	<icon fallback="-">$INFO[skin.string(musicglobalsearch.bg)]</icon>
	<property name="condition">$INFO[skin.string(musicglobalsearch.submenu),on)]</property>
	<property name="empty">true</property>
	<property name="type">default</property>
	<property name="name">musicglobalsearch</property>
	<onclick condition="!Skin.HasSetting(custommode)">Close</onclick>
	<onclick condition="!Skin.HasSetting(custommode)">RunScript(script.globalsearch)</onclick>
	<onclick condition="Skin.HasSetting(custommode)">SetFocus(5120)</onclick>
	<visible>[SubString(skin.string(musicglobalsearch.submenu),on) | Skin.HasSetting(custommode)] + System.HasAddon(script.globalsearch)</visible>
	</item>
	<item><!-- Files -->
	<label fallback="31033">$INFO[skin.string(musicfiles.label)]</label>
	<icon fallback="-">$INFO[skin.string(musicfiles.bg)]</icon>
	<property name="condition">$INFO[skin.string(musicfiles.submenu),on)]</property>
	<property name="empty">true</property>
	<property name="type">default</property>
	<property name="name">musicfiles</property>
	<onclick condition="!Skin.HasSetting(custommode)">Close</onclick>
	<onclick condition="!Skin.HasSetting(custommode)">ActivateWindow(musicfiles)</onclick>
	<onclick condition="Skin.HasSetting(custommode)">SetFocus(5120)</onclick>
	<visible>[SubString(skin.string(musicfiles.submenu),on) | Skin.HasSetting(custommode)]</visible>
	</item>
	<item><!-- Clean library -->
	<label fallback="31231">$INFO[skin.string(musiccleanlibrary.label)]</label>
	<icon fallback="-">$INFO[skin.string(musiccleanlibrary.bg)]</icon>
	<property name="condition">$INFO[skin.string(musiccleanlibrary.submenu),on)]</property>
	<property name="empty">true</property>
	<property name="type">default</property>
	<property name="name">musiccleanlibrary</property>
	<onclick condition="!Skin.HasSetting(custommode)">Close</onclick>
	<onclick condition="!Skin.HasSetting(custommode)">CleanLibrary(music)</onclick>
	<onclick condition="Skin.HasSetting(custommode)">SetFocus(5120)</onclick>
	<visible>[SubString(skin.string(musiccleanlibrary.submenu),on) | Skin.HasSetting(custommode)]</visible>
	</item>
	<item><!-- Update library -->
	<label fallback="31747">$INFO[skin.string(musiclibrary.label)]</label>
	<icon fallback="-">$INFO[skin.string(musiclibrary.bg)]</icon>
	<property name="condition">$INFO[skin.string(musiclibrary.submenu),on)]</property>
	<property name="empty">true</property>
	<property name="type">default</property>
	<property name="name">musiclibrary</property>
	<onclick condition="!Skin.HasSetting(custommode)">Close</onclick>
	<onclick condition="!Skin.HasSetting(custommode)">UpdateLibrary(music)</onclick>
	<onclick condition="Skin.HasSetting(custommode)">SetFocus(5120)</onclick>
	<visible>[SubString(skin.string(musiclibrary.submenu),on) | Skin.HasSetting(custommode)]</visible>
	</item>
	</content>
	</control>
	<include condition="SubString(skin.string(menu),vertical)">Glass</include>
	</control>
	</control>
	</controls>
	</window>