	<!-- Ace -->

	<window id="628">
	<defaultcontrol always="true">892</defaultcontrol>
	<allowoverlay>no</allowoverlay>
	<controls>
	<control type="button" id="892">
	<include>InvisibleButton</include>
	<onclick>noop</onclick>
	<onfocus>Skin.ResetSettings</onfocus>
	<onfocus>AlarmClock(replace,ReplaceWindow(0),0:01,true)</onfocus>
	</control>
	<control type="image">
	<posx>0</posx>
	<posy>0</posy>
	<width>1280</width>
	<height>720</height>
	<texture>hive_back.png</texture>
	<include>Animation_Fade</include>
	<visible>Control.HasFocus(892)</visible>
	</control>
	<control type="image"><!-- Skin Logo -->
	<posx>490</posx>
	<posy>216</posy>
	<width>300</width>
	<height>169</height>
	<align>left</align>
	<aspectratio>keep</aspectratio>
	<texture>ace_logo.png</texture>
	<visible>Control.HasFocus(892)</visible>
	</control>
	<control type="label">
	<posx>490</posx>
	<posy>380</posy>
	<width>300</width>
	<height>40</height>
	<align>center</align>
	<textcolor>B6FFFAF0</textcolor>
	<font>Font_16</font>
	<label>31425</label>
	<include>Animation_Fade</include>
	<visible>Control.HasFocus(892)</visible>
	</control>
	</controls>
	</window>