<?xml version="1.0" encoding="utf-8"?>

<!-- Ace -->
<window id="6000"> 
  <defaultcontrol always="true">9000</defaultcontrol>  
  <onunload>Skin.Reset(custommode)</onunload>  
  <allowoverlay>no</allowoverlay>  
  <controls> 
    <control type="multiimage"> 
      <include>HomeBG</include>  
      <imagepath background="true">$INFO[Container(9000).ListItem.Icon]</imagepath> 
    </control>  
    <control type="group">
      <!-- default group -->  
      <include>Animation_Fade</include>  
      <control type="image">
        <!-- Fundo -->  
        <posx>300</posx>  
        <posy>26</posy>  
        <width>1040</width>  
        <height>30</height>  
        <texture>shadow_h.png</texture>  
        <colordiffuse>C3FFFFFF</colordiffuse> 
      </control>  
      <control type="image"> 
        <posx>300</posx>  
        <posy>55</posy>  
        <width>1040</width>  
        <height>665</height>  
        <texture>darkgrey.png</texture>  
        <colordiffuse>$VAR[value_texturecolor]</colordiffuse>  
        <animation effect="fade" end="85" condition="true">Conditional</animation> 
      </control>  
      <control type="label">
        <!-- Titulo customizacao -->  
        <posx>350</posx>  
        <posy>65</posy>  
        <width>860</width>  
        <height>49</height>  
        <align>left</align>  
        <font>Font_26</font>  
        <textcolor>FFFFFAF0</textcolor>  
        <label>$LOCALIZE[31424] - $INFO[Container(9000).ListItem.Label]</label>  
        <include>Animation_Fade</include>  
        <visible>!Skin.HasSetting(submode)</visible> 
      </control>  
      <control type="grouplist" id="450"> 
        <posx>300</posx>  
        <posy>120</posy>  
        <height>660</height>  
        <width>980</width>  
        <onleft>9000</onleft>  
        <orientation>vertical</orientation>  
        <itemgap>0</itemgap>  
        <focusposition>0</focusposition>  
        <scrolltime>450</scrolltime>  
        <include>Animation_Fade</include>  
        <visible>!Skin.HasSetting(submode)</visible>  
        <control type="button" id="101">
          <!-- Adicionar caminho FAV -->  
          <include>CustomMenuButton</include>  
          <label>$VAR[value_addon13]</label>  
          <onclick condition="!System.HasAddon(script.favourites)">ActivateWindow(Programs,Addons,return)</onclick>  
          <onclick condition="System.HasAddon(script.favourites)">RunScript(script.favourites,property=$INFO[Container(9000).ListItem.Property(name)])</onclick>  
          <visible>StringCompare(Container(9000).ListItem.Property(type),fav)</visible> 
        </control>  
        <control type="button" id="102">
          <!-- Adicionar caminho Video Playlist -->  
          <include>CustomMenuButton</include>  
          <label>31016</label>  
          <onclick>Skin.SetFile($INFO[skin.string(custom_path)],.xsp,special://videoplaylists)</onclick>  
          <visible>StringCompare(Container(9000).ListItem.Property(type),vpl)</visible> 
        </control>  
        <control type="button" id="103">
          <!-- Adicionar caminho Audio Playlist -->  
          <include>CustomMenuButton</include>  
          <label>31017</label>  
          <onclick>Skin.SetFile($INFO[skin.string(custom_path)],.xsp,special://musicplaylists)</onclick>  
          <visible>StringCompare(Container(9000).ListItem.Property(type),apl)</visible> 
        </control>  
        <control type="button" id="104">
          <!-- Adicionar Addon de Video -->  
          <include>CustomMenuButton</include>  
          <label>31018</label>  
          <onclick>Skin.SetAddon($INFO[Skin.String(custom_path)],xbmc.addon.video)</onclick>  
          <visible>StringCompare(Container(9000).ListItem.Property(type),addon)</visible> 
        </control>  
        <control type="button" id="105">
          <!-- Adicionar Addon de Audio -->  
          <include>CustomMenuButton</include>  
          <label>31019</label>  
          <onclick>Skin.SetAddon($INFO[Skin.String(custom_path)],xbmc.addon.audio)</onclick>  
          <visible>StringCompare(Container(9000).ListItem.Property(type),addon)</visible> 
        </control>  
        <control type="button" id="106">
          <!-- Adicionar Addon de Programas -->  
          <include>CustomMenuButton</include>  
          <label>31020</label>  
          <onclick>Skin.SetAddon($INFO[Skin.String(custom_path)],xbmc.addon.executable)</onclick>  
          <visible>StringCompare(Container(9000).ListItem.Property(type),addon)</visible> 
        </control>  
        <control type="button" id="107">
          <!-- Adicionar Addon de Imagem -->  
          <include>CustomMenuButton</include>  
          <label>31021</label>  
          <onclick>Skin.SetAddon($INFO[Skin.String(custom_path)],xbmc.addon.image)</onclick>  
          <visible>StringCompare(Container(9000).ListItem.Property(type),addon)</visible> 
        </control>  
        <control type="button" id="108">
          <!-- Adicionar Caminho do Node -->  
          <include>CustomMenuButton</include>  
          <label>31022</label>  
          <onclick>Skin.SetPath($INFO[Skin.String(custom_path)],library://video/)</onclick>  
          <visible>StringCompare(Container(9000).ListItem.Property(type),vnodes)</visible> 
        </control>  
        <control type="label" id="110">
          <!-- Caminho comum para todos -->  
          <posx>0</posx>  
          <posy>0</posy>  
          <width>930</width>  
          <height>40</height>  
          <font>Font_18</font>  
          <font>Font_18</font>  
          <textcolor>FFFFFAF0</textcolor>  
          <textoffsetx>50</textoffsetx>  
          <aligny>center</aligny>  
          <label>[COLOR=$VAR[value_headercolor]]$LOCALIZE[31095]: [/COLOR]$INFO[Container(9000).ListItem.Property(empty)]</label>  
          <visible>![IsEmpty(Container(9000).ListItem.Property(empty)) | SubString(Container(9000).ListItem.Property(empty),true)]</visible> 
        </control>  
        <control type="button" id="111">
          <!-- Excluir Caminho -->  
          <include>CustomMenuButton</include>  
          <label>31096</label>  
          <onclick>Skin.Reset($INFO[skin.string(custom_bg)])</onclick>  
          <onclick>Skin.Reset($INFO[skin.string(custom_label)])</onclick>  
          <onclick>Skin.Reset($INFO[skin.string(custom_path)])</onclick>  
          <onclick>Skin.Reset($INFO[skin.string(custom_on)])</onclick>  
          <visible>[StringCompare(Container(9000).ListItem.Property(type),fav) | StringCompare(Container(9000).ListItem.Property(type),vpl) | StringCompare(Container(9000).ListItem.Property(type),apl) | StringCompare(Container(9000).ListItem.Property(type),addon) | StringCompare(Container(9000).ListItem.Property(type),vnodes)] + !IsEmpty(Container(9000).ListItem.Property(empty))</visible> 
        </control>  
        <control type="radiobutton" id="112">
          <!-- Ativar/desativar menu -->  
          <include>CustomMenuRadioButton</include>  
          <label>31242</label>  
          <onclick condition="IsEmpty(Container(9000).ListItem.Property(condition))">Skin.SetString($INFO[skin.string(custom_on)],on)</onclick>  
          <onclick condition="!IsEmpty(Container(9000).ListItem.Property(condition))">Skin.Reset($INFO[skin.string(custom_on)],on)</onclick>  
          <selected>!IsEmpty(Container(9000).ListItem.Property(condition))</selected>  
          <enable>!IsEmpty(Container(9000).ListItem.Property(empty))</enable>  
          <visible>![StringCompare(Container(9000).ListItem.Property(type),fav) | StringCompare(Container(9000).ListItem.Property(type),vpl) | StringCompare(Container(9000).ListItem.Property(type),apl) | StringCompare(Container(9000).ListItem.Property(type),addon) | StringCompare(Container(9000).ListItem.Property(type),add) | StringCompare(Container(9000).ListItem.Property(type),vnodes)]</visible> 
        </control>  
        <control type="button" id="113">
          <!-- Renomear -->  
          <include>CustomMenuButton</include>  
          <label>31211</label>  
          <onleft>9000</onleft>  
          <onclick>Skin.SetString($INFO[skin.string(custom_label)])</onclick> 
        </control>  
        <control type="radiobutton" id="114">
          <!-- Filmes Sets -->  
          <include>CustomMenuRadioButton</include>  
          <label>$VAR[value_menumovies_sets]</label>  
          <onclick>Skin.ToggleSetting(menumovies_sets)</onclick>  
          <visible>Container(9000).HasFocus(1) + Library.HasContent(MovieSets)</visible> 
        </control>  
        <control type="radiobutton" id="115">
          <!-- Games link rcb -->  
          <include>CustomMenuRadioButton</include>  
          <label>31921</label>  
          <onclick>Skin.SetString(games_link,rcb)</onclick>  
          <selected>SubString(skin.string(games_link),rcb)</selected>  
          <visible>Container(9000).HasFocus(6)</visible> 
        </control>  
        <control type="radiobutton" id="116">
          <!-- Games link advl -->  
          <include>CustomMenuRadioButton</include>  
          <label>31922</label>  
          <onclick>Skin.SetString(games_link,advl)</onclick>  
          <selected>SubString(skin.string(games_link),advl)</selected>  
          <visible>Container(9000).HasFocus(6)</visible> 
        </control>  
        <control type="radiobutton" id="117">
          <!-- Fundo da Colecao Filmes -->  
          <include>CustomMenuRadioButton</include>  
          <label>$LOCALIZE[31537]</label>  
          <onclick>Skin.ToggleSetting(randommoviebg)</onclick>  
          <selected>Skin.HasSetting(randommoviebg)</selected>  
          <visible>Container(9000).HasFocus(1)</visible> 
        </control>  
        <control type="radiobutton" id="118">
          <!-- Fundo da Colecao -->  
          <include>CustomMenuRadioButton</include>  
          <label>$LOCALIZE[31537]</label>  
          <onclick>Skin.ToggleSetting(randomtvshowbg)</onclick>  
          <selected>Skin.HasSetting(randomtvshowbg)</selected>  
          <visible>Container(9000).HasFocus(2)</visible> 
        </control>  
        <control type="radiobutton" id="119">
          <!-- Fundo da Colecao -->  
          <include>CustomMenuRadioButton</include>  
          <label>$LOCALIZE[31537]</label>  
          <onclick>Skin.ToggleSetting(randomconcertbg)</onclick>  
          <selected>Skin.HasSetting(randomconcertbg)</selected>  
          <visible>Container(9000).HasFocus(3)</visible> 
        </control>  
        <control type="radiobutton" id="120">
          <!-- Fundo da Colecao -->  
          <include>CustomMenuRadioButton</include>  
          <label>$LOCALIZE[31537]</label>  
          <onclick>Skin.ToggleSetting(randommusicbg)</onclick>  
          <selected>Skin.HasSetting(randommusicbg)</selected>  
          <visible>Container(9000).HasFocus(4)</visible> 
        </control>  
        <control type="button" id="121">
          <!-- Criar ou atualizar Colecao -->  
          <include>CustomMenuButton</include>  
          <label>$VAR[value_addon4]</label>  
          <onclick condition="!System.HasAddon(script.artworkorganizer)">ActivateWindow(Programs,Addons,return)</onclick>  
          <onclick condition="System.HasAddon(script.artworkorganizer)">RunScript(script.artworkorganizer)</onclick>  
          <visible>Container(9000).HasFocus(1) + Skin.HasSetting(randommoviebg) | Container(9000).HasFocus(2) + Skin.HasSetting(randomtvshowbg) | Container(9000).HasFocus(3) + Skin.HasSetting(randomconcertbg) | Container(9000).HasFocus(4) + Skin.HasSetting(randommusicbg)</visible> 
        </control>  
        <control type="button" id="124">
          <!-- Pacote extra normal -->  
          <label>$VAR[value_addon14]</label>  
          <onclick condition="!System.HasAddon(script.ace.extrapack)">ActivateWindow(AddonBrowser)</onclick>  
          <onclick condition="System.HasAddon(script.ace.extrapack)">RunScript(script.ace.extrapack,mode=default)</onclick>  
          <visible>Container(9000).HasFocus(8)</visible>  
          <enable>Skin.HasSetting(weathericons) | SubString(skin.string(weatherconditionbg),weathercondition)</enable> 
        </control>  
        <control type="button" id="125">
          <!-- Pacote extra forcado -->  
          <label>31923</label>  
          <onclick>RunScript(script.ace.extrapack,mode=forcerefresh)</onclick>  
          <visible>Container(9000).HasFocus(8) + System.HasAddon(script.ace.extrapack)</visible>  
          <enable>Skin.HasSetting(weathericons) | SubString(skin.string(weatherconditionbg),weathercondition)</enable> 
        </control>  
        <control type="radiobutton" id="126">
          <!-- Icones Clima Animados -->  
          <include>CustomMenuRadioButton</include>  
          <label>$VAR[value_animatedicons]</label>  
          <onclick>Skin.ToggleSetting(weathericons)</onclick>  
          <selected>Skin.HasSetting(weathericons)</selected>  
          <visible>Container(9000).HasFocus(8)</visible> 
        </control>  
        <control type="radiobutton" id="127">
          <!-- Icones Clima Externo -->  
          <include>CustomMenuRadioButton</include>  
          <label>31903</label>  
          <onclick>Skin.ToggleSetting(weathericons_external)</onclick>  
          <selected>Skin.HasSetting(weathericons_external)</selected>  
          <visible>Container(9000).HasFocus(8) + Skin.HasSetting(weathericons)</visible> 
        </control>  
        <control type="button" id="128">
          <!-- Icones Clima/Pasta -->  
          <include>CustomMenuButton</include>  
          <label>$VAR[value_weathericonsfolder]</label>  
          <onclick>Skin.ToggleSetting(weathericons_folder)</onclick>  
          <visible>Container(9000).HasFocus(8) + Skin.HasSetting(weathericons) + Skin.HasSetting(weathericons_external)</visible> 
        </control>  
        <control type="button" id="129">
          <!-- Fundo Clima/Condicional -->  
          <include>CustomMenuButton</include>  
          <label>$VAR[value_weathercondition]</label>  
          <onclick>SetFocus(4094)</onclick>  
          <visible>Container(9000).HasFocus(8)</visible>  
          <enable>IsEmpty(skin.string(weather.bg))</enable> 
        </control>  
        <control type="radiobutton" id="130">
          <!-- Fundo Clima Externo -->  
          <include>CustomMenuRadioButton</include>  
          <label>31901</label>  
          <onclick>Skin.ToggleSetting(weathercondition_external)</onclick>  
          <selected>Skin.HasSetting(weathercondition_external)</selected>  
          <visible>Container(9000).HasFocus(8) + SubString(skin.string(weatherconditionbg),weathercondition)</visible>  
          <enable>IsEmpty(skin.string(weather.bg))</enable> 
        </control>  
        <control type="button" id="131">
          <!-- Fundo Clima/Pasta -->  
          <include>CustomMenuButton</include>  
          <label>$VAR[value_weatherconditionfolder]</label>  
          <onclick>Skin.SetPath(CustomWeatherConditionFolder)</onclick>  
          <visible>Container(9000).HasFocus(8) + SubString(skin.string(weatherconditionbg),weathercondition) + Skin.HasSetting(weathercondition_external)</visible>  
          <enable>IsEmpty(skin.string(weather.bg))</enable> 
        </control>  
        <control type="radiobutton" id="135">
          <!-- Botao desligar/definido pelo sistema -->  
          <include>CustomMenuRadioButton</include>  
          <label>$LOCALIZE[31023] - $LOCALIZE[31454]</label>  
          <onclick>Skin.SetString(shutdownbutton,shutdown)</onclick>  
          <selected>SubString(skin.string(shutdownbutton),shutdown)</selected>  
          <visible>Container(9000).HasFocus(66)</visible> 
        </control>  
        <control type="button" id="136">
          <!-- Ajustes de desligamento -->  
          <include>CustomMenuButton</include>  
          <label>- $LOCALIZE[13008]</label>  
          <onclick>ActivateWindowAndFocus(SystemSettings, -96,0, -78,0)</onclick>  
          <visible>Container(9000).HasFocus(66)</visible> 
        </control>  
        <control type="radiobutton" id="137">
          <!-- Botao desligar/Sair -->  
          <include>CustomMenuRadioButton</include>  
          <label>$LOCALIZE[31023] - $LOCALIZE[31057]</label>  
          <onclick>Skin.SetString(shutdownbutton,quit)</onclick>  
          <selected>SubString(skin.string(shutdownbutton),quit)</selected>  
          <visible>Container(9000).HasFocus(66)</visible> 
        </control>  
        <control type="radiobutton" id="138">
          <!-- Botao desligar/desligar energia -->  
          <include>CustomMenuRadioButton</include>  
          <label>$LOCALIZE[31023] - $LOCALIZE[31058]</label>  
          <onclick>Skin.SetString(shutdownbutton,powerdown)</onclick>  
          <selected>SubString(skin.string(shutdownbutton),powerdown)</selected>  
          <visible>Container(9000).HasFocus(66)</visible> 
        </control>  
        <control type="radiobutton" id="139">
          <!-- Botao desligar/suspender -->  
          <include>CustomMenuRadioButton</include>  
          <label>$LOCALIZE[31023] - $LOCALIZE[31060]</label>  
          <onclick>Skin.SetString(shutdownbutton,suspend)</onclick>  
          <selected>SubString(skin.string(shutdownbutton),suspend)</selected>  
          <visible>Container(9000).HasFocus(66)</visible> 
        </control>  
        <control type="radiobutton" id="140">
          <!-- Botao desligar/hibernar -->  
          <include>CustomMenuRadioButton</include>  
          <label>$LOCALIZE[31023] - $LOCALIZE[31061]</label>  
          <onclick>Skin.SetString(shutdownbutton,hibernate)</onclick>  
          <selected>SubString(skin.string(shutdownbutton),hibernate)</selected>  
          <visible>Container(9000).HasFocus(66)</visible> 
        </control>  
        <control type="button" id="143">
          <!-- Fundo unico -->  
          <include>CustomMenuButton</include>  
          <label>31217</label>  
          <onclick condition="Container(9000).HasFocus(1)">Skin.Reset(randommusicbg)</onclick>  
          <onclick condition="Container(9000).HasFocus(2)">Skin.Reset(randomconcertbg)</onclick>  
          <onclick condition="Container(9000).HasFocus(3)">Skin.Reset(randommoviebg)</onclick>  
          <onclick condition="Container(9000).HasFocus(4)">Skin.Reset(randomtvshowbg)</onclick>  
          <onclick>Skin.SetImage($INFO[skin.string(custom_bg)])</onclick>  
          <enable>![Container(9000).HasFocus(1) + Skin.HasSetting(randommoviebg) | Container(9000).HasFocus(2) + Skin.HasSetting(randomtvshowbg) | Container(9000).HasFocus(3) + Skin.HasSetting(randomconcertbg) | Container(9000).HasFocus(4) + Skin.HasSetting(randommusicbg)]</enable> 
        </control>  
        <control type="button" id="144">
          <!-- Fundos Multiplos -->  
          <include>CustomMenuButton</include>  
          <label>31218</label>  
          <onclick condition="Container(9000).HasFocus(1)">Skin.Reset(randommusicbg)</onclick>  
          <onclick condition="Container(9000).HasFocus(2)">Skin.Reset(randomconcertbg)</onclick>  
          <onclick condition="Container(9000).HasFocus(3)">Skin.Reset(randommoviebg)</onclick>  
          <onclick condition="Container(9000).HasFocus(4)">Skin.Reset(randomtvshowbg)</onclick>  
          <onclick>Skin.SetPath($INFO[skin.string(custom_bg)])</onclick>  
          <enable>![Container(9000).HasFocus(1) + Skin.HasSetting(randommoviebg) | Container(9000).HasFocus(2) + Skin.HasSetting(randomtvshowbg) | Container(9000).HasFocus(3) + Skin.HasSetting(randomconcertbg) | Container(9000).HasFocus(4) + Skin.HasSetting(randommusicbg)]</enable> 
        </control>  
        <control type="button" id="146">
          <!-- Resetar Fundo -->  
          <include>CustomMenuButton</include>  
          <label>31220</label>  
          <onclick condition="Container(9000).HasFocus(1)">Skin.Reset(randommusicbg)</onclick>  
          <onclick condition="Container(9000).HasFocus(2)">Skin.Reset(randomconcertbg)</onclick>  
          <onclick condition="Container(9000).HasFocus(3)">Skin.Reset(randommoviebg)</onclick>  
          <onclick condition="Container(9000).HasFocus(4)">Skin.Reset(randomtvshowbg)</onclick>  
          <onclick>Skin.Reset($INFO[skin.string(custom_bg)])</onclick>  
          <enable>![Container(9000).HasFocus(1) + Skin.HasSetting(randommoviebg) | Container(9000).HasFocus(2) + Skin.HasSetting(randomtvshowbg) | Container(9000).HasFocus(3) + Skin.HasSetting(randomconcertbg) | Container(9000).HasFocus(4) + Skin.HasSetting(randommusicbg)]</enable> 
        </control> 
      </control>  
      <control type="button" id="5000"> 
        <include>InvisibleButton</include>  
        <onfocus>SetFocus(450)</onfocus>  
        <onfocus>Skin.SetString(custom_on,$INFO[Container(9000).ListItem.Property(name)].menu)</onfocus>  
        <onfocus>Skin.SetString(custom_bg,$INFO[Container(9000).ListItem.Property(name)].bg)</onfocus>  
        <onfocus>Skin.SetString(custom_label,$INFO[Container(9000).ListItem.Property(name)].label)</onfocus>  
        <onfocus condition="[StringCompare(Container(9000).ListItem.Property(type),fav) | StringCompare(Container(9000).ListItem.Property(type),vpl) | StringCompare(Container(9000).ListItem.Property(type),apl) | StringCompare(Container(9000).ListItem.Property(type),addon) | StringCompare(Container(9000).ListItem.Property(type),vnodes)]">Skin.SetString(custom_path,$INFO[Container(9000).ListItem.Property(name)].path)</onfocus> 
      </control>  
      <control type="button" id="4094"> 
        <include>InvisibleButton</include>  
        <onfocus>SetFocus(450)</onfocus>  
        <onfocus condition="SubString(skin.string(weatherconditionbg),northamerica)">Skin.SetString(weatherconditionbg,southamerica)</onfocus>  
        <onfocus condition="SubString(skin.string(weatherconditionbg),southamerica)">Skin.SetString(weatherconditionbg,weathercondition)</onfocus>  
        <onfocus condition="SubString(skin.string(weatherconditionbg),weathercondition)">Skin.SetString(weatherconditionbg,northamerica)</onfocus> 
      </control>  
      <control type="image">
        <!-- Menu principal -->  
        <posx>300</posx>  
        <posy>0</posy>  
        <width>30</width>  
        <height>720</height>  
        <texture>shadow.png</texture>  
        <colordiffuse>C3FFFFFF</colordiffuse> 
      </control>  
      <control type="image"> 
        <posx>0</posx>  
        <posy>0</posy>  
        <width>300</width>  
        <height>720</height>  
        <texture>grey.png</texture>  
        <colordiffuse>90FFFFFF</colordiffuse> 
      </control>  
      <control type="image"> 
        <posx>298</posx>  
        <posy>0</posy>  
        <width>2</width>  
        <height>720</height>  
        <texture>separator_v.png</texture> 
      </control>  
      <control type="button" id="5200">
        <!-- Somente para tela de toque -->  
        <posx>0</posx>  
        <posy>690</posy>  
        <width>150</width>  
        <height>29</height>  
        <onleft>9000</onleft>  
        <onright>9000</onright>  
        <onup>9000</onup>  
        <ondown>9000</ondown>  
        <onclick condition="![Control.HasFocus(510) | Control.HasFocus(5100)]">Skin.SetBool(submode)</onclick>  
        <onclick condition="![Control.HasFocus(510) | Control.HasFocus(5100)]">ActivateWindow($VAR[Sub_GoTo])</onclick>  
        <align>left</align>  
        <font>Font_15</font>  
        <textwidth>150</textwidth>  
        <textcolor>FF101010</textcolor>  
        <focusedcolor>FFFFFAF0</focusedcolor>  
        <label>$VAR[value_label1]</label>  
        <texturefocus diffuse="gradient_button.png">settings_button.png</texturefocus>  
        <texturenofocus>-</texturenofocus>  
        <colordiffuse>F9FFFFFF</colordiffuse>  
        <visible>![Skin.HasSetting(submode) | Skin.HasSetting(topmode)]</visible> 
      </control>  
      <control type="image"> 
        <posx>20</posx>  
        <posy>693</posy>  
        <width>22</width>  
        <height>22</height>  
        <texture>$VAR[value_arrow1]</texture>  
        <colordiffuse>$VAR[value_arrow1_color]</colordiffuse>  
        <include>Animation_Fade</include> 
      </control>  
      <control type="group"> 
        <animation effect="slide" start="0,0" end="-300,0" time="300" easing="out" tween="cubic" condition="Skin.HasSetting(submode) | Skin.HasSetting(topmode)">Conditional</animation>  
        <control type="list" id="9000"> 
          <viewtype>list</viewtype>  
          <posx>0</posx>  
          <posy>55</posy>  
          <width>300</width>  
          <height>583</height>  
          <onleft>Skin.SetBool(submode)</onleft>  
          <onleft>ActivateWindow($VAR[Sub_GoTo])</onleft>  
          <onright>5000</onright>  
          <orientation>vertical</orientation>  
          <scrolltime>450</scrolltime>  
          <preloaditems>2</preloaditems>  
          <focusposition>0</focusposition>  
          <itemlayout width="300" height="40"> 
            <control type="image"> 
              <posx>0</posx>  
              <posy>0</posy>  
              <width>298</width>  
              <height>40</height>  
              <texture>grey.png</texture>  
              <colordiffuse>40007399</colordiffuse>  
              <visible>![IsEmpty(ListItem.Property(empty)) | IsEmpty(ListItem.Property(condition))]</visible> 
            </control>  
            <control type="image"> 
              <posx>0</posx>  
              <posy>0</posy>  
              <width>298</width>  
              <height>40</height>  
              <texture>grey.png</texture>  
              <colordiffuse>40B20000</colordiffuse>  
              <visible>!IsEmpty(ListItem.Property(empty)) + IsEmpty(ListItem.Property(condition))</visible> 
            </control>  
            <control type="image"> 
              <posx>0</posx>  
              <posy>0</posy>  
              <width>298</width>  
              <height>40</height>  
              <texture>grey.png</texture>  
              <colordiffuse>40C4941D</colordiffuse>  
              <visible>IsEmpty(ListItem.Property(empty))</visible> 
            </control>  
            <control type="image"> 
              <posx>0</posx>  
              <posy>0</posy>  
              <width>298</width>  
              <height>3</height>  
              <texture>divider.png</texture>  
              <colordiffuse>90FFFFFF</colordiffuse> 
            </control>  
            <control type="label"> 
              <posx>20</posx>  
              <posy>1</posy>  
              <width>260</width>  
              <height>40</height>  
              <font>Font_26</font>  
              <label>$INFO[ListItem.Label]</label>  
              <align>left</align>  
              <aligny>center</aligny>  
              <textcolor>FF101010</textcolor> 
            </control> 
          </itemlayout>  
          <focusedlayout width="300" height="60"> 
            <control type="image"> 
              <posx>0</posx>  
              <posy>0</posy>  
              <width>298</width>  
              <height>60</height>  
              <texture>grey.png</texture>  
              <colordiffuse>FF007399</colordiffuse>  
              <animation effect="fade" start="100" end="50" time="0" condition="!Control.Hasfocus(9000)">conditional</animation>  
              <visible>![IsEmpty(ListItem.Property(empty)) | IsEmpty(ListItem.Property(condition))]</visible> 
            </control>  
            <control type="image"> 
              <posx>0</posx>  
              <posy>0</posy>  
              <width>298</width>  
              <height>60</height>  
              <texture>grey.png</texture>  
              <colordiffuse>FFB20000</colordiffuse>  
              <animation effect="fade" start="100" end="50" time="0" condition="!Control.Hasfocus(9000)">conditional</animation>  
              <visible>!IsEmpty(ListItem.Property(empty)) + IsEmpty(ListItem.Property(condition))</visible> 
            </control>  
            <control type="image"> 
              <posx>0</posx>  
              <posy>0</posy>  
              <width>298</width>  
              <height>60</height>  
              <texture>grey.png</texture>  
              <colordiffuse>FFC4941D</colordiffuse>  
              <animation effect="fade" start="100" end="50" time="0" condition="!Control.Hasfocus(9000)">conditional</animation>  
              <visible>IsEmpty(ListItem.Property(empty))</visible> 
            </control>  
            <control type="label"> 
              <posx>20</posx>  
              <posy>-8</posy>  
              <width>260</width>  
              <height>60</height>  
              <font>Font_30</font>  
              <label>$INFO[ListItem.Label]</label>  
              <align>left</align>  
              <aligny>center</aligny>  
              <textcolor>FFFFFAF0</textcolor>  
              <animation effect="fade" start="100" end="50" time="0" condition="!Control.Hasfocus(9000)">conditional</animation> 
            </control>  
            <control type="label"> 
              <posx>40</posx>  
              <posy>35</posy>  
              <width>240</width>  
              <height>20</height>  
              <font>Font_15</font>  
              <label>$INFO[ListItem.Label2]</label>  
              <align>left</align>  
              <aligny>center</aligny>  
              <textcolor>FFFFFAF0</textcolor>  
              <animation effect="slide" end="-20" time="200" condition="!Control.Hasfocus(9000)">conditional</animation>  
              <animation effect="fade" start="100" end="50" time="0" condition="!Control.Hasfocus(9000)">conditional</animation> 
            </control>  
            <control type="image"> 
              <posx>22</posx>  
              <posy>41</posy>  
              <width>8</width>  
              <height>8</height>  
              <texture>settings_led_focus.gif</texture>  
              <include>Animation_Fade</include>  
              <visible>Control.Hasfocus(9000)</visible> 
            </control> 
          </focusedlayout>  
          <content> 
            <include>MenuCustom_Content</include> 
          </content> 
        </control>  
        <include>Glass</include> 
      </control>  
      <control type="group"> 
        <include>Animation_TopPopup</include>  
        <visible>![Window.IsVisible(104) | Window.IsVisible(107) | Window.IsVisible(133) | Window.IsVisible(614)]</visible>  
        <include>Dialogs_Bar</include>  
        <control type="image">
          <!-- ativado azul -->  
          <posx>10</posx>  
          <posy>5</posy>  
          <width>40</width>  
          <height>19</height>  
          <aspectratio>stretch</aspectratio>  
          <texture>grey.png</texture>  
          <colordiffuse>FF007399</colordiffuse> 
        </control>  
        <control type="label"> 
          <posx>60</posx>  
          <posy>4</posy>  
          <width>186</width>  
          <align>left</align>  
          <font>Font_16</font>  
          <textcolor>FFFFFAF0</textcolor>  
          <label>31426</label>  
          <scroll>true</scroll>  
          <scrollout>false</scrollout> 
        </control>  
        <control type="image">
          <!-- desativado vermelho -->  
          <posx>266</posx>  
          <posy>5</posy>  
          <width>40</width>  
          <height>19</height>  
          <aspectratio>stretch</aspectratio>  
          <texture>grey.png</texture>  
          <colordiffuse>FFB20000</colordiffuse> 
        </control>  
        <control type="label"> 
          <posx>316</posx>  
          <posy>4</posy>  
          <width>250</width>  
          <align>left</align>  
          <font>Font_16</font>  
          <textcolor>FFFFFAF0</textcolor>  
          <label>31427</label>  
          <scroll>true</scroll>  
          <scrollout>false</scrollout> 
        </control>  
        <control type="image">
          <!-- nao usado amarelo -->  
          <posx>522</posx>  
          <posy>5</posy>  
          <width>40</width>  
          <height>19</height>  
          <aspectratio>stretch</aspectratio>  
          <texture>grey.png</texture>  
          <colordiffuse>FFC4941D</colordiffuse> 
        </control>  
        <control type="label"> 
          <posx>572</posx>  
          <posy>4</posy>  
          <width>250</width>  
          <align>left</align>  
          <font>Font_16</font>  
          <textcolor>FFFFFAF0</textcolor>  
          <label>31080</label>  
          <scroll>true</scroll>  
          <scrollout>false</scrollout> 
        </control>  
        <control type="image">
          <!-- add verde -->  
          <posx>778</posx>  
          <posy>5</posy>  
          <width>40</width>  
          <height>19</height>  
          <aspectratio>stretch</aspectratio>  
          <texture>grey.png</texture>  
          <colordiffuse>FF4C9900</colordiffuse> 
        </control>  
        <control type="label"> 
          <posx>828</posx>  
          <posy>4</posy>  
          <width>250</width>  
          <align>left</align>  
          <font>Font_16</font>  
          <textcolor>FFFFFAF0</textcolor>  
          <label>31081</label>  
          <scroll>true</scroll>  
          <scrollout>false</scrollout> 
        </control>  
        <control type="image">
          <!-- item adicionado -->  
          <posx>1034</posx>  
          <posy>5</posy>  
          <width>40</width>  
          <height>19</height>  
          <aspectratio>stretch</aspectratio>  
          <texture>customitem_small.png</texture>  
          <colordiffuse>FFFFFAF0</colordiffuse> 
        </control>  
        <control type="label"> 
          <posx>1084</posx>  
          <posy>4</posy>  
          <width>250</width>  
          <align>left</align>  
          <font>Font_16</font>  
          <textcolor>FFFFFAF0</textcolor>  
          <label>31082</label>  
          <scroll>true</scroll>  
          <scrollout>false</scrollout> 
        </control> 
      </control>  
      <include>BGBlack</include> 
    </control> 
  </controls> 
</window>
