	<!-- Ace -->

	<window id="627" type="dialog">
	<defaultcontrol allways="true">9030</defaultcontrol>
	<onunload>ReplaceWindow(2006)</onunload>
	<controls>
	<control type="group">
	<include>Animation_DialogPopup</include>
	<visible>!Window.IsVisible(visualisationpresetlist)</visible>
	<control type="image">
	<posx>110</posx>
	<posy>0</posy>
	<width>30</width>
	<height>720</height>
	<texture flipx="true">shadow.png</texture>
	<colordiffuse>C3FFFFFF</colordiffuse>
	</control>
	<control type="image">
	<posx>1140</posx>
	<posy>0</posy>
	<width>30</width>
	<height>720</height>
	<texture>shadow.png</texture>
	<colordiffuse>C3FFFFFF</colordiffuse>
	</control>
	<control type="image">
	<posx>140</posx>
	<posy>0</posy>
	<width>1000</width>
	<height>720</height>
	<texture>darkgrey.png</texture>
	<colordiffuse>$VAR[value_texturecolor]</colordiffuse>
	<include>Animation_DefaultGlass</include>
	</control>
	<control type="image">
	<posx>140</posx>
	<posy>0</posy>
	<width>1000</width>
	<height>80</height>
	<texture>black.png</texture>
	<colordiffuse>90FFFFFF</colordiffuse>
	</control>
	<control type="label">
	<posx>215</posx>
	<posy>23</posy>
	<width>852</width>
	<height>30</height>
	<label>31011</label>
	<font>Font_32</font>
	<textcolor>FFFFFAF0</textcolor>
	<align>center</align>
	<aligny>center</aligny>
	<include>Animation_Fade</include>
	</control>
	<control type="scrollbar" id="80">
	<include>ScrollBar_Vertical</include>
	<posx>150</posx>
	<posy>100</posy>
	<height>600</height>
	<onleft>Close</onleft>
	<onright>9030</onright>
	<ondown>80</ondown>
	<onup>80</onup>
	</control>
	<control type="grouplist" id="9030">
	<posx>140</posx>
	<posy>100</posy>
	<width>1000</width>
	<height>600</height>
	<itemgap>0</itemgap>
	<onleft>80</onleft>
	<onright>Dialog.Close(627)</onright>
	<pagecontrol>80</pagecontrol>
	<control type="radiobutton" id="1"><!-- furniture -->
	<radioposx>894</radioposx>
	<label>31678</label>
	<onclick>Skin.ToggleSetting(novisfurniture)</onclick>
	<selected>!Skin.HasSetting(novisfurniture)</selected>
	</control>
	<control type="radiobutton" id="2"><!-- layout ace 1 -->
	<radioposx>894</radioposx>
	<label>31119</label>
	<onclick>Skin.SetString(vis_layout,ace1)</onclick>
	<selected>StringCompare(skin.string(vis_layout),ace1)</selected>
	<enable>!Skin.HasSetting(novisfurniture)</enable>
	</control>
	<control type="radiobutton" id="3"><!-- layout ace 2 -->
	<radioposx>894</radioposx>
	<label>31120</label>
	<onclick>Skin.SetString(vis_layout,ace2)</onclick>
	<selected>StringCompare(skin.string(vis_layout),ace2)</selected>
	<enable>!Skin.HasSetting(novisfurniture)</enable>
	</control>
	<control type="radiobutton" id="4"><!-- layout karaoke -->
	<radioposx>894</radioposx>
	<label>31121</label>
	<onclick>Skin.SetString(vis_layout,karaoke)</onclick>
	<onclick>Dialog.Close(all,true)</onclick>
	<selected>StringCompare(skin.string(vis_layout),karaoke)</selected>
	<enable>!Skin.HasSetting(novisfurniture)</enable>
	</control>
	<control type="radiobutton" id="5"><!-- lyrics -->
	<radioposx>894</radioposx>
	<label>31722</label>
	<onclick>Skin.ToggleSetting(nolyrics_on)</onclick>
	<selected>!Skin.HasSetting(nolyrics_on)</selected>
	<enable>![IsEmpty(Skin.String(LyricScript_Path)) | Skin.HasSetting(novisfurniture) | StringCompare(skin.string(vis_layout),karaoke)]</enable>
	</control>
	<control type="button" id="6"><!-- lyrics set script -->
	<radioposx>894</radioposx>
	<label>31725</label>
	<onclick>Dialog.Close(all,true)</onclick>
	<onclick>Skin.SetAddon(LyricScript_Path,xbmc.python.lyrics)</onclick>
	<enable>![Skin.HasSetting(nolyrics_on) | Skin.HasSetting(novisfurniture)]</enable>
	</control>
	<control type="radiobutton" id="7"><!-- next tracks -->
	<radioposx>894</radioposx>
	<label>31555</label>
	<onclick>Skin.ToggleSetting(nonexttracks_on)</onclick>
	<selected>!Skin.HasSetting(nonexttracks_on)</selected>
	<enable>![Skin.HasSetting(novisfurniture)  | StringCompare(skin.string(vis_layout),karaoke)]</enable>
	</control>
	<control type="label" id="8"><!-- palavra Fundos -->
	<width>1040</width>
	<height>40</height>
	<aligny>center</aligny>
	<textoffsetx>50</textoffsetx>
	<label>[B]$LOCALIZE[31327][/B]</label>
	<textcolor>$VAR[value_headercolor]</textcolor>
	</control>
	<control type="radiobutton" id="9"><!-- background fanart -->
	<radioposx>894</radioposx>
	<label>- $LOCALIZE[31561]</label>
	<onclick>Skin.SetString(vis_bg,fanart)</onclick>
	<selected>StringCompare(skin.string(vis_bg),fanart)</selected>
	</control>
	<control type="radiobutton" id="10"><!-- background fanartmix -->
	<radioposx>894</radioposx>
	<label>- $LOCALIZE[31561] + $LOCALIZE[31727]</label>
	<onclick>Skin.SetString(vis_bg,fanartmix)</onclick>
	<selected>StringCompare(skin.string(vis_bg),fanartmix)</selected>
	</control>
	<control type="radiobutton" id="11"><!-- background slideshow -->
	<radioposx>894</radioposx>
	<label>- $LOCALIZE[31559]</label>
	<onclick>Skin.SetString(vis_bg,slideshow)</onclick>
	<selected>StringCompare(skin.string(vis_bg),slideshow)</selected>
	</control>
	<control type="radiobutton" id="12"><!-- background slideshowmix -->
	<radioposx>894</radioposx>
	<label>- $LOCALIZE[31559] + $LOCALIZE[31727]</label>
	<onclick>Skin.SetString(vis_bg,slideshowmix)</onclick>
	<selected>StringCompare(skin.string(vis_bg),slideshowmix)</selected>
	</control>
	<control type="radiobutton" id="13"><!-- background vis -->
	<radioposx>894</radioposx>
	<label>- $LOCALIZE[31727]</label>
	<onclick>Skin.SetString(vis_bg,vis)</onclick>
	<selected>StringCompare(skin.string(vis_bg),vis)</selected>
	</control>
	<control type="radiobutton" id="14"><!-- background custom -->
	<radioposx>894</radioposx>
	<label>- $LOCALIZE[31122]</label>
	<onclick>Skin.SetString(vis_bg,custom)</onclick>
	<selected>StringCompare(skin.string(vis_bg),custom)</selected>
	</control>
	<control type="button" id="15"><!-- Fundo unico -->
	<label>31217</label>
	<onclick>Skin.SetImage(musicviz.bg)</onclick>
	<enable>StringCompare(skin.string(vis_bg),custom)</enable>
	</control>
	<control type="button" id="16"><!-- Fundos Multiplos -->
	<label>31218</label>
	<onclick>Skin.SetPath(musicviz.bg)</onclick>
	<enable>StringCompare(skin.string(vis_bg),custom)</enable>
	</control>
	<control type="radiobutton" id="17"><!-- background animation -->
	<radioposx>894</radioposx>
	<label>31463</label>
	<onclick>Skin.ToggleSetting(visanimation_panscan)</onclick>
	<selected>Skin.HasSetting(visanimation_panscan)</selected>
	</control>
	<control type="label" id="18"><!-- palavra Trocar Visualizacao -->
	<width>1040</width>
	<height>40</height>
	<aligny>center</aligny>
	<textoffsetx>50</textoffsetx>
	<label>[B]$LOCALIZE[31727][/B]</label>
	<textcolor>$VAR[value_headercolor]</textcolor>
	</control>
	<control type="button" id="19"><!-- vis -->
	<label>$LOCALIZE[457]</label>
	<onclick>ActivateWindowAndFocus(musicsettings, -99,0, -72,0)</onclick>
	<enable>StringCompare(skin.string(vis_bg),fanartmix) | StringCompare(skin.string(vis_bg),slideshowmix) | StringCompare(skin.string(vis_bg),vis)</enable>
	</control>
	<control type="button" id="20"><!-- preset -->
	<radioposx>894</radioposx>
	<label>$LOCALIZE[13388]</label>
	<onclick>ActivateWindow(visualisationpresetlist)</onclick>
	<enable>StringCompare(skin.string(vis_bg),fanartmix) | StringCompare(skin.string(vis_bg),slideshowmix) | StringCompare(skin.string(vis_bg),vis)</enable>
	</control>
	<control type="button" id="21"><!-- presetsettings -->
	<radioposx>894</radioposx>
	<label>31261</label>
	<onclick>Addon.Default.OpenSettings(xbmc.player.musicviz)</onclick>
	<enable>StringCompare(skin.string(vis_bg),fanartmix) | StringCompare(skin.string(vis_bg),slideshowmix) | StringCompare(skin.string(vis_bg),vis)</enable>
	</control>
	</control>
	</control>
	</controls>
	</window>