	<!-- Ace -->

	<window id="626" type="dialog">
	<defaultcontrol allways="true">9030</defaultcontrol>
	<onunload condition="Window.IsActive(500)">ActivateWindowAndFocus(500, 9201,0)</onunload>
	<onunload condition="Window.IsActive(501)">ActivateWindowAndFocus(501, 9201,0)</onunload>
	<onunload condition="Window.IsActive(502)">ActivateWindowAndFocus(502, 9201,0)</onunload>
	<controls>
	<control type="group">
	<include>Animation_DialogPopup</include>
	<control type="image">
	<posx>110</posx>
	<posy>0</posy>
	<width>30</width>
	<height>720</height>
	<texture flipx="true">shadow.png</texture>
	<colordiffuse>C3FFFFFF</colordiffuse>
	</control>
	<control type="image">
	<posx>1140</posx>
	<posy>0</posy>
	<width>30</width>
	<height>720</height>
	<texture>shadow.png</texture>
	<colordiffuse>C3FFFFFF</colordiffuse>
	</control>
	<control type="image">
	<posx>140</posx>
	<posy>0</posy>
	<width>1000</width>
	<height>720</height>
	<texture>darkgrey.png</texture>
	<colordiffuse>$VAR[value_texturecolor]</colordiffuse>
	<include>Animation_DefaultGlass</include>
	</control>
	<control type="image">
	<posx>140</posx>
	<posy>0</posy>
	<width>1000</width>
	<height>80</height>
	<texture>black.png</texture>
	<colordiffuse>90FFFFFF</colordiffuse>
	</control>
	<control type="label">
	<posx>215</posx>
	<posy>23</posy>
	<width>852</width>
	<height>30</height>
	<label>31479</label>
	<font>Font_32</font>
	<textcolor>FFFFFAF0</textcolor>
	<align>center</align>
	<aligny>center</aligny>
	<include>Animation_Fade</include>
	</control>
	<control type="grouplist" id="9030">
	<posx>140</posx>
	<posy>100</posy>
	<width>1000</width>
	<height>600</height>
	<itemgap>0</itemgap>
	<onleft>Close</onleft>
	<onright>Close</onright>
	<control type="radiobutton" id="19254"><!-- Poster --><!-- 54 -->
	<radioposx>894</radioposx>
	<label>31808</label>
	<onclick>Skin.ToggleSetting(noviewposter_music)</onclick>
	<selected>!Skin.HasSetting(noviewposter_music)</selected>
	<enable>Container.Content(artists) | Container.Content(albums) | Container.Content(songs)</enable>
	<visible>Window.IsActive(500) | Window.IsActive(501) | Window.IsActive(502)</visible>
	</control>
	<control type="radiobutton" id="19255"><!-- Low List --><!-- 55 -->
	<radioposx>894</radioposx>
	<label>31807</label>
	<onclick>Skin.ToggleSetting(noviewlowlist_music)</onclick>
	<selected>!Skin.HasSetting(noviewlowlist_music)</selected>
	<enable>Container.Content(artists) | Container.Content(albums) | Container.Content(songs)</enable>
	<visible>Window.IsActive(500) | Window.IsActive(501) | Window.IsActive(502)</visible>
	</control>
	<control type="radiobutton" id="19256"><!-- Wall --><!-- 56 -->
	<radioposx>894</radioposx>
	<label>31805</label>
	<onclick>Skin.ToggleSetting(noviewwall_music)</onclick>
	<selected>!Skin.HasSetting(noviewwall_music)</selected>
	<enable>Container.Content(artists) | Container.Content(albums) | Container.Content(songs)</enable>
	<visible>Window.IsActive(500) | Window.IsActive(501) | Window.IsActive(502)</visible>
	</control>
	<control type="radiobutton" id="19258"><!-- CoverFlow --><!-- 58 -->
	<radioposx>894</radioposx>
	<label>31810</label>
	<onclick>Skin.ToggleSetting(noviewcoverflow_music)</onclick>
	<selected>!Skin.HasSetting(noviewcoverflow_music)</selected>
	<enable>Container.Content(artists) | Container.Content(albums) | Container.Content(songs)</enable>
	<visible>Window.IsActive(500) | Window.IsActive(501) | Window.IsActive(502)</visible>
	</control>
	<control type="radiobutton" id="19259"><!-- RightList --><!-- 59 -->
	<radioposx>894</radioposx>
	<label>31828</label>
	<onclick>Skin.ToggleSetting(noviewrightlist_music)</onclick>
	<selected>!Skin.HasSetting(noviewrightlist_music)</selected>
	<visible>Window.IsActive(500) | Window.IsActive(501) | Window.IsActive(502)</visible>
	</control>
	<control type="radiobutton" id="19262"><!-- Panel --><!-- 62 -->
	<radioposx>894</radioposx>
	<label>31818</label>
	<onclick>Skin.ToggleSetting(noviewpanel_music)</onclick>
	<selected>!Skin.HasSetting(noviewpanel_music)</selected>
	<enable>Container.Content(artists) | Container.Content(albums) | Container.Content(songs)</enable>
	<visible>Window.IsActive(500) | Window.IsActive(501) | Window.IsActive(502)</visible>
	</control>
	</control>
	</control>
	</controls>
	</window>