	<!-- Ace -->

	<window id="5099" type="dialog"><!-- SubMenu Smart - 99 -->
	<defaultcontrol>-</defaultcontrol>
	<onload condition="!StringCompare(Container(9100).numitems,0)">SetFocus(9100)</onload>
	<onload condition="StringCompare(Container(9100).numitems,0)">SetFocus(9101)</onload>
	<onunload>Skin.Reset(submode)</onunload>
	<onunload condition="Skin.HasSetting(kioskcode)">Skin.Reset($INFO[skin.string(custom_code)])</onunload>
	<controls>
	<control type="group">
	<visible>Window.IsVisible(0) | Window.IsVisible(6000)</visible>
	<include condition="Skin.HasSetting(custommode)">SubmenuCustom</include>
	<control type="group"><!-- default group -->
	<include>Animation_SubMenu</include>
	<control type="fadelabel"><!-- Titulo do submenu -->
	<include>SubmenuTitle</include>
	<label>31123</label>
	<visible>SubString(skin.string(menu),vertical) | Skin.HasSetting(custommode)</visible>
	</control>
	<include condition="SubString(skin.string(menu),horizontal) + !Skin.HasSetting(custommode)">SubmenuBar</include>
	<control type="button" id="9101"><!-- Botao vazio -->
	<include condition="SubString(skin.string(menu),vertical)">emptybutton_v</include>
	<include condition="SubString(skin.string(menu),horizontal)">emptybutton_h</include>
	<visible>StringCompare(Container(9100).numitems,0) + !Skin.HasSetting(custommode)</visible>
	</control>
	<include condition="SubString(skin.string(menu),vertical) | Skin.HasSetting(custommode)">SubmenuGoTo</include><!-- Para menu -->
	<control type="list" id="9100">
	<include condition="SubString(skin.string(menu),vertical) | Skin.HasSetting(custommode)">SubmenuVList</include>
	<include condition="SubString(skin.string(menu),horizontal) + !Skin.HasSetting(custommode)">SubmenuHList</include>
	<content>
	<item><!-- Exit -->
	<label>31012</label>
	<onclick condition="!Skin.HasSetting(custommode)">Quit</onclick>
	</item>
	<item><!-- PowerDown -->
	<label>31058</label>
	<onclick condition="!Skin.HasSetting(custommode)">Powerdown</onclick>
	</item>
	<item><!-- Customizar Menu -->
	<label>31207</label>
	<onclick>Close</onclick>
	<onclick>ActivateWindow(6000)</onclick>
	<onclick>Skin.SetBool(custommode)</onclick>
	<visible>![Skin.HasSetting(kiosk) | Skin.HasSetting(kiosksmart) + !SubString(skin.string(codestep),step3)]</visible>
	</item>
	<item><!-- Ajustes da skin -->
	<label>31371</label>
	<onclick>Close</onclick>
	<onclick>ActivateWindow(skinsettings)</onclick>
	<visible>![Skin.HasSetting(kiosk) | Skin.HasSetting(kiosksmart) + !SubString(skin.string(codestep),step3)]</visible>
	</item>
	<item><!-- Kiosk Code -->
	<label>$VAR[value_kioskcode]</label>
	<onclick>Skin.SetString(custom_code,codestep)</onclick>
	<onclick condition="!SubString(skin.string(codestep),step3)">SetFocus(9100)</onclick>
	<onclick condition="!SubString(skin.string(codestep),step3)">ActivateWindow(629)</onclick>
	<visible>Skin.HasSetting(kioskcode) + !SubString(skin.string(codestep),step3)</visible>
	</item>
	</content>
	</control>
	<include condition="SubString(skin.string(menu),vertical)">Glass</include>
	</control>
	</control>
	</controls>
	</window>