	<!-- Ace -->

	<window id="623" type="dialog">
	<defaultcontrol>9006</defaultcontrol>
	<zorder>3</zorder>
	<coordinates>
	<system>1</system>
	<posx>332</posx>
	<posy>200</posy>
	</coordinates>
	<animation type="WindowOpen" reversible="false">
	<effect type="zoom" start="80" end="100" center="144,214" easing="out" tween="back" time="300" />
	<effect type="fade" start="0" end="100" time="300" />
	</animation>
	<animation type="WindowClose" reversible="false">
	<effect type="zoom" start="100" end="80" center="144,214" easing="in" tween="back" time="300" />
	<effect type="fade" start="100" end="0" time="300" />
	</animation>
	<controls>
	<control type="image" id="999"><!-- background image -->
	<posx>0</posx>
	<posy>0</posy>
	<width>456</width>
	<height>720</height>
	<texture>-</texture>
	</control>
	<control type="image" id="997"><!-- top image -->
	<posx>-2</posx>
	<posy>23</posy>
	<width>463</width>
	<height>27</height>
	<texture>dialogs_context_top.png</texture>
	</control>
	<control type="image" id="998"><!-- bottom image -->
	<posx>-2</posx>
	<posy>0</posy>
	<width>463</width>
	<height>27</height>
	<texture>dialogs_context_bottom.png</texture>
	</control>
	<control type="grouplist" id="996">
	<posx>0</posx>
	<posy>50</posy>
	<width>445</width>
	<height max="670">auto</height>
	<itemgap>0</itemgap>
	<control type="button" id="9006">
	<include>DialogContext_Button</include>
	<onleft>Dialog.Close(623)</onleft>
	<onright>Dialog.Close(623)</onright>
	<onclick>Dialog.Close(623)</onclick>
	<onclick>RunScript(service.skin.widgets,movieid=$INFO[skin.string(custom_id)])</onclick>
	<label>31946</label>
	</control>
	<control type="button" id="9007">
	<include>DialogContext_Button</include>
	<onleft>Dialog.Close(623)</onleft>
	<onright>Dialog.Close(623)</onright>
	<onclick>Dialog.Close(623)</onclick>
	<onclick condition="!Skin.HasSetting(homefullscreentrailer)">SetFocus(9005)</onclick>
	<onclick condition="!Skin.HasSetting(homefullscreentrailer)">PlayMedia($INFO[skin.string(custom_trailer)],1)</onclick>
	<onclick condition="Skin.HasSetting(homefullscreentrailer)">PlayMedia($INFO[skin.string(custom_trailer)])</onclick>
	<label>31945</label>
	</control>
	<control type="button" id="9008">
	<include>DialogContext_Button</include>
	<onleft>Dialog.Close(623)</onleft>
	<onright>Dialog.Close(623)</onright>
	<onclick>Dialog.Close(623)</onclick>
	<onclick>RunScript(script.cinema.experience,movieid=$INFO[skin.string(custom_id)])</onclick>
	<label>31066</label>
	<visible>System.HasAddon(script.cinema.experience)</visible>
	</control>
	</control>
	</controls>
	</window>