	<!-- Ace -->

	<window id="146">
	<defaultcontrol always="true">9000</defaultcontrol>
	<controls>
	<control type="image">
	<include>HomeBG</include>
	<texture fallback="special://skin/backgrounds/settings.jpg" background="true">$INFO[skin.string(settings.bg)]</texture>
	</control>
	<control type="image">
	<include>HomeBG</include>
	<texture background="true">$INFO[ListItem.Property(Fanart_Image)]</texture>
	<include>Animation_Fade</include>
	<visible>!Skin.HasSetting(noAddonfanart)</visible>
	</control>
	<control type="group"><!-- default group -->
	<include>Animation_Window</include>
	<include>SettingsBack</include><!-- Menu da direita -->
	<control type="label">
	<include>SettingsContentTitle</include>
	<label>$INFO[ListItem.Property(Addon.Name)]</label>
	</control>
	<control type="image">
	<posx>290</posx>
	<posy>130</posy>
	<width>140</width>
	<height>140</height>
	<texture fallback="DefaultAddon.png" background="true">$INFO[ListItem.Icon]</texture>
	<aspectratio scalediffuse="false">stretch</aspectratio>
	<bordertexture border="-2">black.png</bordertexture>
	</control>
	<control type="group">
	<posx>370</posx>
	<posy>130</posy>
	<control type="label"><!-- Type -->
	<posx>250</posx>
	<posy>0</posy>
	<width>140</width>
	<height>25</height>
	<label>$LOCALIZE[146]</label>
	<align>right</align>
	<aligny>center</aligny>
	<font>Font_18</font>
	<textcolor>$VAR[value_headercolor]</textcolor>
	</control>
	<control type="label"><!-- Type Value -->
	<posx>260</posx>
	<posy>0</posy>
	<width>550</width>
	<height>25</height>
	<label fallback="416">$INFO[ListItem.Property(Addon.Type)]</label>
	<align>left</align>
	<aligny>center</aligny>
	<font>Font_18</font>
	<scroll>true</scroll>
	</control>
	<control type="label"><!-- Author -->
	<posx>250</posx>
	<posy>30</posy>
	<width>140</width>
	<height>25</height>
	<label>$LOCALIZE[21863]:</label>
	<align>right</align>
	<aligny>center</aligny>
	<font>Font_18</font>
	<textcolor>$VAR[value_headercolor]</textcolor>
	</control>
	<control type="label"><!-- Author Value -->
	<posx>260</posx>
	<posy>30</posy>
	<width>550</width>
	<height>25</height>
	<label fallback="416">$INFO[ListItem.Property(Addon.Creator)]</label>
	<align>left</align>
	<aligny>center</aligny>
	<font>Font_18</font>
	<scroll>true</scroll>
	</control>
	<control type="label"><!-- Version -->
	<posx>250</posx>
	<posy>60</posy>
	<width>140</width>
	<height>25</height>
	<label>$LOCALIZE[24051]</label>
	<align>right</align>
	<aligny>center</aligny>
	<font>Font_18</font>
	<textcolor>$VAR[value_headercolor]</textcolor>
	</control>
	<control type="label"><!-- Version Value -->
	<posx>260</posx>
	<posy>60</posy>
	<width>550</width>
	<height>25</height>
	<label fallback="416">$INFO[ListItem.Property(Addon.Version)]</label>
	<align>left</align>
	<aligny>center</aligny>
	<font>Font_18</font>
	<scroll>true</scroll>
	</control>
	<control type="label"><!-- Rating -->
	<posx>250</posx>
	<posy>90</posy>
	<width>140</width>
	<height>25</height>
	<label>$LOCALIZE[563]:</label>
	<align>right</align>
	<aligny>center</aligny>
	<font>Font_18</font>
	<textcolor>$VAR[value_headercolor]</textcolor>
	</control>
	<control type="image"><!-- Rating value -->
	<posx>235</posx>
	<posy>88</posy>
	<width>160</width>
	<height>25</height>
	<aspectratio>keep</aspectratio>
	<align>left</align>
	<aligny>center</aligny>
	<texture>$INFO[ListItem.Property(Addon.StarRating)]</texture>
	</control>
	<control type="label"><!-- Summary -->
	<posx>250</posx>
	<posy>120</posy>
	<width>140</width>
	<height>25</height>
	<label>$LOCALIZE[20037]:</label>
	<align>right</align>
	<aligny>center</aligny>
	<font>Font_18</font>
	<textcolor>$VAR[value_headercolor]</textcolor>
	</control>
	<control type="fadelabel"><!-- Summary Value -->
	<posx>260</posx>
	<posy>120</posy>
	<width>550</width>
	<height>25</height>
	<label fallback="416">$INFO[ListItem.Property(Addon.Summary)]</label>
	<align>left</align>
	<aligny>center</aligny>
	<font>Font_18</font>
	<scrollout>false</scrollout>
	<pauseatend>2000</pauseatend>
	</control>
	<control type="label"><!-- Description -->
	<posx>-80</posx>
	<posy>170</posy>
	<width>300</width>
	<height>25</height>
	<label>$LOCALIZE[21821]:</label>
	<align>left</align>
	<aligny>center</aligny>
	<font>Font_18</font>
	<textcolor>$VAR[value_headercolor]</textcolor>
	</control>
	<control type="textbox" id="401">
	<description>Description</description>
	<posx>-80</posx>
	<posy>195</posy>
	<width>940</width>
	<height>350</height>
	<align>justify</align>
	<font>Font_16</font>
	<label>$INFO[ListItem.Property(Addon.Description)]</label>
	<autoscroll delay="20000" time="3000" repeat="15000">!Skin.HasSetting(noallowscroll)</autoscroll>
	</control>
	</control>
	<include>RSS</include>
	<include>SettingsMenu</include><!-- Menu da esquerda -->
	<include>Date</include>
	<control type="label">
	<include>SettingsSectionTitle</include>
	<label>31202</label>
	</control>
	<control type="grouplist" id="9000">
	<posx>0</posx>
	<posy>120</posy>
	<width>240</width>
	<height>660</height>
	<orientation>vertical</orientation>
	<itemgap>0</itemgap>
	<control type="button" id="6"><!-- Enable -->
	<label>24022</label>
	<include>SettingsButton</include>
	</control>
	<control type="button" id="7"><!-- Disable -->
	<label>24021</label>
	<include>SettingsButton</include>
	</control>
	<control type="button" id="9"><!-- Settings -->
	<label>24020</label>
	<include>SettingsButton</include>
	</control>
	<control type="button" id="8"><!-- Update -->
	<label>24069</label>
	<include>SettingsButton</include>
	</control>
	<control type="button" id="11"><!-- Rollback -->
	<label>24048</label>
	<include>SettingsButton</include>
	</control>
	<control type="button" id="10"><!-- Changelog -->
	<label>24036</label>
	<include>SettingsButton</include>
	</control>
	</control>
	<control type="image">
	<posx>0</posx>
	<posy>0</posy>
	<width>250</width>
	<height>720</height>
	<texture background="true">menu_glass.png</texture>
	<colordiffuse>70FFFAF0</colordiffuse>
	</control>
	</control>
	<include>BGBlack</include>
	</controls>
	</window>
