	<!-- Ace -->

	<window id="111" type="dialog">
	<defaultcontrol always="true">4112</defaultcontrol>
	<coordinates>
	<system>1</system>
	<posx>0</posx>
	<posy>0</posy>
	</coordinates>
	<controls>
	<control type="group">
	<include>Animation_DialogPopup</include>
	<control type="list" id="4112">
	<posx>413</posx>
	<posy>150</posy>
	<width>454</width>
	<height>450</height>
	<onleft>Close</onleft>
	<onright>Close</onright>
	<orientation>vertical</orientation>
	<pagecontrol>-</pagecontrol>
	<scrolltime>300</scrolltime>
	<focusposition>0</focusposition>
	<itemlayout height="39" width="454">
	<control type="image">
	<posx>0</posx>
	<posy>0</posy>
	<width>454</width>
	<height>39</height>
	<texture>dialogs_context_nofocus.png</texture>
	</control>
	<control type="label">
	<posx>227</posx>
	<posy>0</posy>
	<height>39</height>
	<width>430</width>
	<align>center</align>
	<aligny>center</aligny>
	<font>Font_18</font>
	<label>[UPPERCASE]$INFO[ListItem.Label][/UPPERCASE]</label>
	<textcolor>FFFFFAF0</textcolor>
	</control>
	</itemlayout>
	<focusedlayout height="39" width="454">
	<control type="image">
	<posx>0</posx>
	<posy>0</posy>
	<width>454</width>
	<height>39</height>
	<texture>dialogs_context_focus.png</texture>
	</control>
	<control type="label">
	<posx>227</posx>
	<posy>0</posy>
	<height>39</height>
	<width>430</width>
	<align>center</align>
	<aligny>center</aligny>
	<font>Font_18</font>
	<label>[UPPERCASE]$INFO[ListItem.Label][/UPPERCASE]</label>
	<textcolor>FF101010</textcolor>
	</control>
	</focusedlayout>
	<content>
	<item id="1"><!-- Shutdown -->
	<label fallback="31012">$VAR[value_mainmenulabel_shutdown]</label>
	<onclick condition="SubString(skin.string(shutdownbutton),shutdown)">ShutDown</onclick>
	<onclick condition="SubString(skin.string(shutdownbutton),quit)">Quit</onclick>
	<onclick condition="SubString(skin.string(shutdownbutton),powerdown)">Powerdown</onclick>
	<onclick condition="SubString(skin.string(shutdownbutton),suspend)">Suspend</onclick>
	<onclick condition="SubString(skin.string(shutdownbutton),hibernate)">Hibernate</onclick>
	</item>
	<item id="2"><!-- Settings -->
	<label>31011</label>
	<onclick>Close</onclick>
	<onclick>ActivateWindow(4)</onclick>
	</item>
	<item id="3"><!-- Home Visualiser Video -->
	<label>$VAR[value_buttonmenu_video]</label>
	<onclick>Skin.Togglesetting(homevisvideo)</onclick>
	<visible>Window.IsActive(0)</visible>
	</item>
	<item id="4"><!-- Home Visualiser Audio -->
	<label>$VAR[value_buttonmenu_audio]</label>
	<onclick>Skin.Togglesetting(homevisaudio)</onclick>
	<visible>Window.IsActive(0)</visible>
	</item>
	<item id="5"><!-- Now Playing - Playlist -->
	<label>31035</label>
	<icon>icon_button_nowplaying.png</icon>
	<onclick>ActivateWindow(500)</onclick>
	</item>
	<item id="12"><!-- Eject Tray -->
	<label>31742</label>
	<onclick>EjectTray</onclick>
	</item>
	<item id="13"><!-- File Manager -->
	<label>10003</label>
	<onclick>Close</onclick>
	<onclick>ActivateWindow(3)</onclick>
	</item>
	<item id="14"><!-- Favourites -->
	<label>1036</label>
	<onclick>Close</onclick>
	<onclick>ActivateWindow(Favourites)</onclick>
	</item>
	</content>
	</control>
	</control>
	</controls>
	</window>