<?xml version="1.0" encoding="UTF-8"?>
<addon id="plugin.video.dtm_tv" name="DTM.tv" version="1.0.2" provider-name="AddonScriptorDE">
    <requires>
        <import addon="xbmc.python" version="2.0.1"/>
    </requires>
    <extension point="xbmc.python.pluginsource" library="default.py">
        <provides>video</provides>
    </extension>
    <extension point="xbmc.addon.metadata">
        <platform>all</platform>
        <summary lang="de">Deutsche Tourenwagen Masters (DE/EN)</summary>
        <summary lang="en">German Touring Car Masters (DE/EN)</summary>
        <language>de en</language>
        <description lang="de">Deutsche Tourenwagen Masters (DE/EN)</description>
        <description lang="en">German Touring Car Masters (DE/EN)</description>
    <platform>all</platform>
    </extension>
</addon>
