<?xml version="1.0" encoding="UTF-8"?>
<addon id="plugin.video.myspass_de" name="MySpass.de" version="2.0.2" provider-name="AddonScriptorDE">
    <requires>
        <import addon="xbmc.python" version="2.1.0"/>
    </requires>
    <extension point="xbmc.python.pluginsource" library="default.py">
        <provides>video</provides>
    </extension>
    <extension point="xbmc.addon.metadata">
        <platform>all</platform>
        <summary lang="de">Schlag den Raab/Star, TV total, Elton vs. Simon, Pastewka, Dr. Psycho, Stromberg, South Park, Spongebob und vieles mehr...</summary>
        <summary lang="en">Schlag den Raab/Star, TV total, Elton vs. Simon, Pastewka, Dr. Psycho, Stromberg, South Park, Spongebob and much more...</summary>
        <language>de</language>
        <description lang="de">Schlag den Raab/Star, TV total, Elton vs. Simon, Pastewka, Dr. Psycho, Stromberg, South Park, Spongebob und vieles mehr...</description>
        <description lang="en">Schlag den Raab/Star, TV total, Elton vs. Simon, Pastewka, Dr. Psycho, Stromberg, South Park, Spongebob and much more...</description>
    </extension>
</addon>
