<?xml version="1.0" encoding="UTF-8"?>
<addon id="plugin.video.mxrte" version="1.0.3" name="MX RTE Player" provider-name="MX">
    <requires>
        <import addon="xbmc.python" version="2.1.0"/>
        <import addon="script.video.F4mProxy" version="1.0.14"/>
    </requires>
    <extension point="xbmc.python.pluginsource" library="default.py">
        <provides>video</provides>
    </extension>
    <extension point="xbmc.addon.metadata">
    <summary lang="en">Live RTE TV Channels</summary>
    <description lang="en">The main Eire (Irish for the rest of us) RTE TV channels released to XBMCHUB only. Some of the channels in this addon may require a 2mbis - 16mbis or higher connection as they are high speed streams in their country of origin and may buffer from time to time or just not play if you have slower internet speeds. My thanks for Shani_08 for his magic code for f4m streams that inspired this plugin and to thatguy7669 and JohnnyParanoia for the code that drives this addon.</description>
    <disclaimer lang="en">This live TV content can change at anytime, we do not run the content server(s) for this addon</disclaimer>
    <language>EN</language>
    <platform>all</platform>
    <license></license>
    <forum></forum>
    <website></website>
    <email></email>
    <source></source>
  </extension>
</addon>