<window type="window">
	<defaultcontrol>11</defaultcontrol>
	<coordinates>
		<system>1</system>
		<posx>0</posx>
		<posy>0</posy>
	</coordinates>
	<allowoverlay>no</allowoverlay>
	<controls>
		<control type="image">
			<posx>0</posx>
			<posy>0</posy>
			<width>1280</width>
			<height>720</height>
			<texture>video_details_bg.png</texture>
		</control>
		<control type="image">
			<posx>400</posx>
			<posy>190</posy>
			<width>800</width>
			<height>2</height>
			<texture>line760.png</texture>
		</control>
		<control type="image" id='1'>
			<posx>50</posx>
			<posy>50</posy>
			<width>300</width>
			<height>450</height>
			<texture></texture>
		</control>
		  <control type="label" id='2'>
				<posx>400</posx>
				<posy>50</posy>
				<width>250</width>
				<height>50</height>
				<align>left</align>
				<visible>true</visible>
				<label></label>
				<font>font30</font>
				<textcolor>FFFFFFFF</textcolor>
				<shadowcolor>00000000</shadowcolor>
		  </control>
		  <control type="label" id='3'>
				<posx>400</posx>
				<posy>90</posy>
				<width>250</width>
				<height>50</height>
				<align>left</align>
				<visible>true</visible>
				<label>年代</label>
				<font>font26</font>
				<textcolor>FFFFFFFF</textcolor>
				<shadowcolor>00000000</shadowcolor>
		  </control>
		  <control type="label" id='4'>
				<posx>900</posx>
				<posy>90</posy>
				<width>250</width>
				<height>50</height>
				<align>left</align>
				<visible>true</visible>
				<label>时长</label>
				<font>font26</font>
				<textcolor>FFFFFFFF</textcolor>
				<shadowcolor>00000000</shadowcolor>
		  </control>
		  <control type="label" id='5'>
				<posx>400</posx>
				<posy>120</posy>
				<width>350</width>
				<height>50</height>
				<align>left</align>
				<visible>true</visible>
				<label>导演</label>
				<font>font26</font>
				<textcolor>FFFFFFFF</textcolor>
				<shadowcolor>00000000</shadowcolor>
		  </control>
		  <control type="label" id='6'>
				<posx>900</posx>
				<posy>120</posy>
				<width>250</width>
				<height>50</height>
				<align>left</align>
				<visible>true</visible>
				<label>类别</label>
				<font>font26</font>
				<textcolor>FFFFFFFF</textcolor>
				<shadowcolor>00000000</shadowcolor>
		  </control>
		  <control type="label" id='7'>
				<posx>400</posx>
				<posy>150</posy>
				<width>400</width>
				<height>50</height>
				<align>left</align>
				<visible>true</visible>
				<label>演员</label>
				<font>font26</font>
				<textcolor>FFFFFFFF</textcolor>
				<shadowcolor>00000000</shadowcolor>
		  </control>
		  <control type="label" id='8'>
				<posx>900</posx>
				<posy>150</posy>
				<width>250</width>
				<height>50</height>
				<align>left</align>
				<visible>true</visible>
				<label>地区</label>
				<font>font26</font>
				<textcolor>FFFFFFFF</textcolor>
				<shadowcolor>00000000</shadowcolor>
		  </control>
		  <control type="label" id='9'>
				<posx>400</posx>
				<posy>200</posy>
				<width>700</width>
				<height>200</height>
				<align>left</align>
				<visible>true</visible>
				<label>内容</label>
				<font>font26</font>
				<textcolor>FFFFFFFF</textcolor>
				<shadowcolor>00000000</shadowcolor>
				<wrapmultiline>true</wrapmultiline>
		  </control>
<control type="list" id="10">
      <posx>400</posx>
      <posy>450</posy>
      <width>700</width>
      <height>100</height>
      <visible>true</visible>
      <ondown>11</ondown>
	  <onleft>120</onleft>
      <orientation>horizontal</orientation>
      <pagecontrol>25</pagecontrol>
      <scrolltime tween="sine" easing="out">200</scrolltime>
      <itemlayout width="135" height="54">
		<control type="image">
			<posx>5</posx>
			<posy>3</posy>
			<width>130</width>
			<height>52</height>
			<visible>ListItem.IsSelected</visible>
			<texture>source_$INFO[ListItem.Label]_focus.png</texture>
		</control>
		<control type="image">
			<posx>5</posx>
			<posy>3</posy>
			<width>130</width>
			<height>52</height>
			<visible>!ListItem.IsSelected</visible>
			<texture>source_$INFO[ListItem.Label]_normal.png</texture>
		</control>
      </itemlayout>
      <focusedlayout height="54" width="135">
		<control type="image">
			<width>135</width>
			<height>54</height>
			<posx>5</posx>
			<posy>3</posy>
			<visible>Control.HasFocus(10)</visible>
			<texture>button_top.png</texture>
		</control>
		<control type="image">
			<posx>5</posx>
			<posy>3</posy>
			<width>130</width>
			<height>52</height>
			<visible>ListItem.IsSelected</visible>
			<texture>source_$INFO[ListItem.Label]_focus.png</texture>
		</control>
			<control type="image">
			<posx>5</posx>
			<posy>3</posy>
			<width>130</width>
			<height>52</height>
			<visible>!ListItem.IsSelected</visible>
			<texture>source_$INFO[ListItem.Label]_normal.png</texture>
		</control>
      </focusedlayout>
</control>
<control type="panel" id="11">
      <posx>400</posx>
      <posy>550</posy>
      <width>700</width>
      <height>160</height>
      <visible>true</visible>
      <onup>10</onup>
	  <onleft>120</onleft>
      <pagecontrol>25</pagecontrol>
      <scrolltime tween="sine" easing="out">200</scrolltime>
      <itemlayout width="135" height="54">
	  		<control type="image">
			<width>135</width>
			<height>54</height>
			<posx>5</posx>
			<posy>3</posy>
			<texture>video_details_number_n.png</texture>
		</control>
		<control type="Label">
			<posx>10</posx>
			<posy>3</posy>
			<width>130</width>
			<height>52</height>
			<font>font26</font>
			<aligny>center</aligny>
			<align>left</align>
				<textcolor>FFFFFFFF</textcolor>
				<shadowcolor>00000000</shadowcolor>
			<label>$INFO[ListItem.Label]</label>
		</control>

      </itemlayout>
      <focusedlayout height="54" width="135">
	  		<control type="image">
			<width>135</width>
			<height>54</height>
			<posx>5</posx>
			<posy>3</posy>
			<texture>video_details_number_n.png</texture>
		</control>
		<control type="image">
			<width>135</width>
			<height>54</height>
			<posx>5</posx>
			<posy>3</posy>
			<visible>Control.HasFocus(11)</visible>
			<texture>video_details_number_c.png</texture>
		</control>
		<control type="Label">
			<posx>10</posx>
			<posy>3</posy>
			<width>130</width>
			<height>52</height>
			<font>font26</font>
			<aligny>center</aligny>
			<align>left</align>
				<textcolor>FFFFFFFF</textcolor>
				<shadowcolor>00000000</shadowcolor>
			<label>$INFO[ListItem.Label]</label>
		</control>
      </focusedlayout>
</control>
<control type="button" id="120">
      <posx>100</posx>
      <posy>500</posy>
      <width>184</width>
      <height>89</height>
      <visible>true</visible>
      <texturefocus>zhuiju_h.9.png</texturefocus>
      <texturenofocus>zhuiju_n.9.png</texturenofocus>
      <font>font30</font>
      <textcolor>FFFFFFFF</textcolor>
	  <textwidth>100</textwidth>
      <textoffsetx>70</textoffsetx>
      <textoffsety>15</textoffsety>
      <onup>10</onup>
      <onright>11</onright>
</control>

      </controls>
</window>
