<window type = 'window'>
	<defaultcontrol>121</defaultcontrol>
	<coordinates>
		<system>1</system>
		<posx>0</posx>
		<posy>0</posy>
	</coordinates>
	<allowoverlay>no</allowoverlay>
	<controls>
		<control type="videowindow">
			<posx>0</posx>
			<posy>0</posy>
			<width>1280</width>
			<height>720</height>
		</control>
		<control type="button">
			<posx>0</posx>
			<posy>0</posy>
			<width>1280</width>
			<height>720</height>
			<label>-</label>
			<font>-</font>
			<texturenofocus>-</texturenofocus>
			<texturefocus>-</texturefocus>
		</control>
		<control type="group" id="205">
			<visible>!System.IdleTime(3)</visible>

			<control type="group">
				<animation effect="slide" start="-374,0" end="0,0" time="750" tween="quadratic" easing="out">WindowOpen</animation>
				<animation effect="slide" start="0,0" end="-374,0" time="750" tween="quadratic" easing="out">WindowClose</animation> 
				<control type="image">
					<posx>0</posx>
					<posy>0</posy>
					<width>374</width>
					<height>720</height>
					<texture>live_channel_list_bg.png</texture>
				</control>
				<control type="image">
					<posx>0</posx>
					<posy>60</posy>
					<width>374</width>
					<height>2</height>
					<texture>fliter_line_hor.png</texture>
				</control>
				<control type="image">
					<posx>50</posx>
					<posy>20</posy>
					<width>13</width>
					<height>26</height>
					<texture>menu_left.png</texture>
				</control>
				<control type="image">
					<posx>330</posx>
					<posy>20</posy>
					<width>13</width>
					<height>26</height>
					<texture>menu_right.png</texture>
				</control>
				<control type="image">
					<posx>150</posx>
					<posy>650</posy>
					<width>39</width>
					<height>19</height>
					<texture>live_channel_list_arrow_down.png</texture>
				</control>
				<control type="list" id="120">
					<posy>70</posy>
					<posx>5</posx>
					<width>370</width>
					<height>570</height>
					<onleft>120</onleft>
					<orientation>vertical</orientation>
					<itemlayout width="370" height="40">
						<control type="image">
							<posx>280</posx>
							<posy>10</posy>
							<width>37</width>
							<height>27</height>
							<texture>$INFO[ListItem.Thumb]</texture>
						</control>
						<control type="label">
							<posx>5</posx>
							<posy>0</posy>
							<width>240</width>
							<height>30</height>
							<align>left</align>
							<label>$INFO[ListItem.Label]</label>
							<font>font30</font>
							<textcolor>FFFFFFFF</textcolor>
						</control>
					</itemlayout>
					<focusedlayout width="370" height="40">
						<control type="image">
							<visible>Control.HasFocus(120)</visible>
							<posx>0</posx>
							<posy>0</posy>
							<width>360</width>
							<height>40</height>
							<texture>live_channel_list_item_bg_sel.png</texture>
						</control>
						<control type="image">
							<posx>280</posx>
							<posy>10</posy>
							<width>37</width>
							<height>27</height>
							<texture>$INFO[ListItem.Thumb]</texture>
						</control>
						<control type="label">
							<posx>5</posx>
							<posy>0</posy>
							<width>240</width>
							<height>30</height>
							<align>left</align>
							<font>font30</font>
							<label>$INFO[ListItem.Label]</label>
							<textcolor>FFFFFFFF</textcolor>
						</control>
					</focusedlayout>
				</control>
				<control type="list" id="121">
					<posy>10</posy>
					<posx>130</posx>
					<width>150</width>
					<height>40</height>
					<onup>120</onup>
					<ondown>120</ondown>
					<scrolltime>200</scrolltime>
     				<orientation>horizontal</orientation>
					<preloaditems>2</preloaditems>
					<itemlayout width="150" height="40">
						<control type="label">
							<posx>0</posx>
							<posy>0</posy>
							<width>150</width>
							<height>50</height>
							<align>left</align>
							<aligny>center</aligny>
							<label>$INFO[ListItem.Label]</label>
							<font>font30</font>
							<textcolor>FFFFFFFF</textcolor>
						</control>
					</itemlayout>
					<focusedlayout width="150" height="40">
						<control type="label">
							<posx>0</posx>
							<posy>0</posy>
							<width>150</width>
							<height>40</height>
							<align>left</align>
							<aligny>center</aligny>
							<font>font30</font>
							<label>$INFO[ListItem.Label]</label>
							<textcolor>FFFFFFFF</textcolor>
						</control>
					</focusedlayout>
				</control>
			</control>
		</control>
	</controls>
</window>
