<window type="window">
	<defaultcontrol>1001</defaultcontrol>
	<coordinates>
		<system>1</system>
		<posx>0</posx>
		<posy>0</posy>
	</coordinates>
	<allowoverlay>no</allowoverlay>
	<controls>
		<control type="image">
			<posx>0</posx>
			<posy>0</posy>
			<width>1280</width>
			<height>720</height>
			<texture>apks_bg.png</texture>
		</control>
		<control type="list" id="1001">
	     	<visible>true</visible>
			<posy>5</posy>
			<posx>50</posx>
			<width>1200</width>
			<height>50</height>
			<orientation>horizontal</orientation>
			<itemlayout width="200" height="50">
				<control type="label">
					<posx>35</posx>
					<posy>0</posy>
					<width>200</width>
					<height>40</height>
					<aligny>center</aligny>
					<label>$INFO[ListItem.Label]</label>
        			<selectedcolor>FF004AFF</selectedcolor>
					<font>font30</font>
					<textcolor>FFFFFFFF</textcolor>
				</control>
			</itemlayout>
			<focusedlayout width="200" height="50">
				<control type="image">
					<visible>Control.HasFocus(1001)</visible>
					<posx>0</posx>
					<posy>0</posy>
					<width>200</width>
					<height>50</height>
					<texture>button_top.png</texture>
				</control>
				<control type="label">
					<posx>35</posx>
					<posy>0</posy>
					<width>200</width>
					<height>40</height>
					<aligny>center</aligny>
					<label>$INFO[ListItem.Label]</label>
					<selectedcolor>FF004AFF</selectedcolor>
					<font>font30</font>
					<textcolor>FFFFFFFF</textcolor>
				</control>
			</focusedlayout>
		</control>
		<control type="button" id="1002">
			  <posx>100</posx>
			  <posy>650</posy>
			  <width>80</width>
			  <height>40</height>
			  <visible>Control.IsVisible(2000)|Control.IsVisible(2002)|Control.IsVisible(2003)</visible>
			  <colordiffuse>FFFFFFFF</colordiffuse>
			  <texturefocus>search_h.png</texturefocus>
			  <texturenofocus>search_n.png</texturenofocus>
		</control>
		<control type="group" id="2000">
				<control type="panel" id="20001">
					<posx>50</posx>
					<posy>100</posy>
					<width>1200</width>
					<height>600</height>
					<onup>1001</onup>
					<ondown>1002</ondown>
					<scrolltime tween="sine" easing="out">200</scrolltime>
					<viewtype label="536">icon</viewtype>
					<pagecontrol>60</pagecontrol>
					<include>contentpanelslide</include>
					<itemlayout height="241" width="220">
						<control type="image">
							<posx>10</posx>
							<posy>10</posy>
							<width>200</width>
							<height>200</height>
							<info>ListItem.Icon</info>
						</control>
						<control type="image">
							<posx>80</posx>
							<posy>75</posy>
							<width>32</width>
							<height>32</height>
							<info>ListItem.Overlay</info>
						</control>
						<control type="label">
							<posx>30</posx>
							<posy>215</posy>
							<width>210</width>
							<height>22</height>
							<font>font13</font>
							<selectedcolor>green</selectedcolor>
							<align>left</align>
							<info>ListItem.Label</info>
						</control>
					</itemlayout>
					<focusedlayout height="241" width="220">
						<control type="image">
							<posx>10</posx>
							<posy>10</posy>
							<width>200</width>
							<height>200</height>
							<info>ListItem.Icon</info>
							<animation effect="zoom" end="5,5,210,210" time="100">focus</animation>
						</control>
						<control type="image">
							<posx>80</posx>
							<posy>75</posy>
							<width>32</width>
							<height>32</height>
							<info>ListItem.Overlay</info>
							<animation effect="slide" end="5,5" time="100">focus</animation>
						</control>
						<control type="image">
							<width>210</width>
							<height>210</height>
							<posx>5</posx>
							<posy>5</posy>
							<texture>folder-focus.png</texture>
							<animation effect="zoom" end="0,0,220,220" time="100">focus</animation>
						</control>
						<control type="label">
							<posx>30</posx>
							<posy>220</posy>
							<width>210</width>
							<height>22</height>
							<font>font13</font>
							<selectedcolor>green</selectedcolor>
							<align>left</align>
							<info>ListItem.Label</info>
						</control>
					</focusedlayout>
				</control>
        </control>
		<control type="group" id="2001">
    		<animation effect="fade" time="400">VisibleChange</animation>
				<control type="panel" id="20011">
					<posx>50</posx>
					<posy>100</posy>
					<width>1200</width>
					<height>600</height>
					<onup>1001</onup>
					<ondown>1002</ondown>
					<scrolltime tween="sine" easing="out">200</scrolltime>
					<pagecontrol>60</pagecontrol>
					<include>contentpanelslide</include>
					<itemlayout height="341" width="320">
						<control type="image">
							<posx>10</posx>
							<posy>10</posy>
							<width>300</width>
							<height>300</height>
							<texture>$INFO[ListItem.Thumb]</texture>
						</control>
						<control type="label">
							<posx>60</posx>
							<posy>215</posy>
							<width>310</width>
							<height>22</height>
							<font>font13</font>
							<align>center</align>
							<texture>$INFO[ListItem.Label]</texture>
						</control>
					</itemlayout>
					<focusedlayout height="441" width="420">
						<control type="image">
							<width>290</width>
							<height>310</height>
							<posx>5</posx>
							<posy>5</posy>
							<texture>folder-focus.png</texture>
							<animation effect="zoom" end="10,0,300,320" time="100">focus</animation>
						</control>
						<control type="image">
							<posx>10</posx>
							<posy>10</posy>
							<width>300</width>
							<height>300</height>
							<texture>$INFO[ListItem.Thumb]</texture>
							<animation effect="zoom" end="5,5,310,310" time="100">focus</animation>
						</control>
						<control type="label">
							<posx>60</posx>
							<posy>220</posy>
							<width>210</width>
							<height>22</height>
							<font>font13</font>
							<selectedcolor>green</selectedcolor>
							<align>center</align>
							<info>ListItem.Label</info>
						</control>
					</focusedlayout>
				</control>
		</control>
		<control type="group" id="2002">
    		<animation effect="fade" time="400">VisibleChange</animation>
				<control type="panel" id="20021">
					<posx>50</posx>
					<posy>100</posy>
					<width>1200</width>
					<height>600</height>
					<onup>1001</onup>
					<ondown>1002</ondown>
					<scrolltime tween="sine" easing="out">200</scrolltime>
					<pagecontrol>60</pagecontrol>
					<include>contentpanelslide</include>
					<itemlayout height="280" width="320">
						<control type="image">
							<posx>10</posx>
							<posy>10</posy>
							<width>300</width>
							<height>250</height>
							<texture>$INFO[ListItem.Thumb]</texture>
						</control>
						<control type="label">
							<posx>60</posx>
							<posy>215</posy>
							<width>260</width>
							<height>22</height>
							<font>font13</font>
							<selectedcolor>green</selectedcolor>
							<align>center</align>
							<info>ListItem.Label</info>
						</control>
					</itemlayout>
					<focusedlayout height="280" width="320">
						<control type="image">
							<width>250</width>
							<height>260</height>
							<posx>35</posx>
							<posy>5</posy>
							<texture>folder-focus.png</texture>
							<animation effect="zoom" end="60,0,250,270" time="100">focus</animation>
						</control>
						<control type="image">
							<posx>10</posx>
							<posy>10</posy>
							<width>300</width>
							<height>250</height>
							<texture>$INFO[ListItem.Thumb]</texture>
							<animation effect="zoom" end="5,5,310,260" time="100">focus</animation>
						</control>
						<control type="label">
							<posx>60</posx>
							<posy>220</posy>
							<width>210</width>
							<height>22</height>
							<font>font13</font>
							<selectedcolor>green</selectedcolor>
							<align>center</align>
							<info>ListItem.Label</info>
						</control>
					</focusedlayout>
				</control>
		</control>
		<control type="group" id="2003">
    		<animation effect="fade" time="400">VisibleChange</animation>
				<control type="panel" id="20031">
					<posx>50</posx>
					<posy>100</posy>
					<width>1200</width>
					<height>600</height>
					<onup>1001</onup>
					<ondown>1002</ondown>
					<scrolltime tween="sine" easing="out">200</scrolltime>
					<viewtype label="536">icon</viewtype>
					<pagecontrol>60</pagecontrol>
					<include>contentpanelslide</include>
					<itemlayout height="241" width="220">
						<control type="image">
							<posx>10</posx>
							<posy>10</posy>
							<width>200</width>
							<height>200</height>
							<info>ListItem.Icon</info>
						</control>
						<control type="image">
							<posx>80</posx>
							<posy>75</posy>
							<width>32</width>
							<height>32</height>
							<info>ListItem.Overlay</info>
						</control>
						<control type="label">
							<posx>80</posx>
							<posy>215</posy>
							<width>210</width>
							<height>22</height>
							<font>font13</font>
							<selectedcolor>green</selectedcolor>
							<align>center</align>
							<info>ListItem.Label</info>
						</control>
					</itemlayout>
					<focusedlayout height="241" width="220">
						<control type="image">
							<width>210</width>
							<height>210</height>
							<posx>5</posx>
							<posy>5</posy>
							<texture>folder-focus.png</texture>
							<animation effect="zoom" end="0,0,220,220" time="100">focus</animation>
						</control>
						<control type="image">
							<posx>10</posx>
							<posy>10</posy>
							<width>200</width>
							<height>200</height>
							<info>ListItem.Icon</info>
							<animation effect="zoom" end="5,5,210,210" time="100">focus</animation>
						</control>
						<control type="image">
							<posx>80</posx>
							<posy>75</posy>
							<width>32</width>
							<height>32</height>
							<info>ListItem.Overlay</info>
							<animation effect="slide" end="5,5" time="100">focus</animation>
						</control>
						<control type="label">
							<posx>80</posx>
							<posy>220</posy>
							<width>210</width>
							<height>22</height>
							<font>font13</font>
							<selectedcolor>green</selectedcolor>
							<align>center</align>
							<info>ListItem.Label</info>
						</control>
					</focusedlayout>
				</control>

		</control>
		<control type="group" id="2004">
    		<animation effect="fade" time="400">VisibleChange</animation>
			<control type="group">

			</control>
		</control>
		<control type="button" id="160">
			<animation effect="slide" start="0,0" end="0,720" time="0">Visible</animation>
			<animation effect="slide" start="0,720" end="0,0" time="0">Hidden</animation>
			<description>Box Focus</description>
			<posx>0</posx>
			<posy>-720</posy>
			<width>1280</width>
			<height>720</height>
			<onleft>160</onleft>
			<onright>160</onright>
			<onup>160</onup>
			<ondown>160</ondown>
			<texturefocus>facebook-media-progress-overlay.png</texturefocus>
			<texturenofocus>facebook-media-progress-overlay.png</texturenofocus>
			<visible allowhiddenfocus="true">!StringCompare(Control.GetLabel(152),)</visible>
		</control>
		
		<!--  PROGRESS BAR   -->
		<control type="group" id="150">
			<animation effect="slide" start="0,0" end="-500,0" time="400">Visible</animation>
			<animation effect="slide" start="-500,0" end="0,0" time="400">Hidden</animation>
			<posx>1280</posx>
			<posy>55</posy>
			<width>500</width>
			<height>60</height>
			<visible>!StringCompare(Control.GetLabel(152),)</visible>
			<control type="image">
				<posx>0</posx>
				<posy>0</posy>
				<width>500</width>
				<height>60</height>
				<texture>facebook-media-tube-back.png</texture>
			</control>
			<control type="image" id="153">
				<posy>0</posy>
				<width>1</width>
				<height>60</height>
				<texture>facebook-media-progress-bar.png</texture>
			</control>
			<control type="label" id="152">
				<posx>50</posx>
				<posy>0</posy>
				<width>400</width>
				<height>60</height>
				<font>Font_Reg24_Caps</font>
				<align>center</align>
				<aligny>center</aligny>
				<textcolor>white</textcolor>
			</control>
			<control type="image">
				<posy>0</posy>
				<width>500</width>
				<height>60</height>
				<texture border="3">facebook-media-tube-overlay-left.png</texture>
			</control>
		</control>

	</controls>
</window>
