<?xml version="1.0" encoding="iso-8859-1" standalone="yes"?>
<scraper framework="1.1" date="2010-02-22">
	<NfoUrl dest="3">
		<RegExp input="$$1" output="&lt;url&gt;http://www.videobuster.de/titledtl.php/\2.html?tab=details&lt;/url&gt;"  dest="3">
			<expression clear="yes" noclean="1">(videobuster.de/titledtl.php/)(.*).html</expression>
		</RegExp>
	</NfoUrl>
	<CreateSearchUrl dest="3" SearchStringEncoding="iso-8859-1">
		<RegExp input="$$1" output="&lt;url&gt;https://www.videobuster.de/titlesearch.php?tab_search_content=movies&amp;view=title_list_view_option_list&amp;search_title=\1$$4&lt;/url&gt;" dest="3">
			<RegExp input="$$2" output="&amp;search_year_to=\1" dest="4+">
				<expression clear="yes">(.+)</expression>
			</RegExp>
			<expression noclean="1"/>
		</RegExp>
	</CreateSearchUrl>
	<GetSearchResults dest="8">
		<RegExp input="$$5" output="&lt;?xml version=&quot;1.0&quot; encoding=&quot;iso-8859-1&quot; standalone=&quot;yes&quot;?&gt;&lt;results&gt;\1&lt;/results&gt;" dest="8">
			<RegExp input="$$1" output="&lt;entity&gt;&lt;title&gt;\2&lt;/title&gt;&lt;year&gt;\3&lt;/year&gt;&lt;url&gt;http://www.videobuster.de\1&lt;/url&gt;&lt;/entity&gt;" dest="5+">
				<expression repeat="yes">class=&quot;name&quot;&gt;&lt;a href=&quot;([^&quot;]*)&quot;&gt;([^&lt;]*)&lt;/a&gt;.*?&lt;label&gt;Produktion&lt;/label&gt;.*?([0-9]+)&lt;/div&gt;</expression>
			</RegExp>
			<expression noclean="1"/>
		</RegExp>
	</GetSearchResults>
	<GetDetails dest="3">
		<RegExp input="$$5" output="&lt;?xml version=&quot;1.0&quot; encoding=&quot;iso-8859-1&quot; standalone=&quot;yes&quot;?&gt;&lt;details&gt;\1&lt;/details&gt;" dest="3">
			<!-- Title -->
			<RegExp input="$$1" output="&lt;title&gt;\1&lt;/title&gt;" dest="5+">
				<expression trim="1">class=&quot;name&quot;&gt;([^&lt;]*)&lt;/h1&gt;</expression>
			</RegExp>
			<!-- Original Title -->
			<RegExp input="$$1" output="&lt;originaltitle&gt;\1&lt;/originaltitle&gt;" dest="5+">
				<expression trim="1">Originaltitel:&lt;/div&gt;.*?&lt;div class=&quot;content&quot;&gt;([^&lt;]*)&lt;/div&gt;</expression>
			</RegExp>
			<!-- Year -->
			<RegExp input="$$1" output="&lt;year&gt;\1&lt;/year&gt;" dest="5+">
				<expression trim="1">Produktion:&lt;/div&gt;.*?&lt;div class=&quot;content&quot;&gt;.*?([0-9]*)&lt;/div&gt;</expression>
			</RegExp>
			<!-- Country -->
			<RegExp input="$$4" output="&lt;country&gt;\1&lt;/country&gt;" dest="5+">
				<RegExp input="$$1" output="\1" dest="4">
					<expression>Produktion:&lt;/div&gt;.*?&lt;div class=&quot;content&quot;&gt;(.*?)[0-9]*&lt;/div&gt;</expression>
				</RegExp>
				<expression repeat="yes">([^,0-9]+)</expression>
			</RegExp>
			<!-- MPAA -->
			<RegExp input="$$1" output="&lt;mpaa&gt;ab \1&lt;/mpaa&gt;" dest="5+">
				<expression>FSK ab ([0-9]*)</expression>
			</RegExp>
			<!-- Directors-->
			<RegExp input="$$1" output="&lt;director&gt;\1&lt;/director&gt;" dest="5+">
				<expression repeat="yes">class=&quot;director_link&quot;&gt;([^&lt;]*)&lt;/a&gt;</expression>
			</RegExp>
			<!-- Actors -->
			<RegExp input="$$1" output="&lt;actor&gt;&lt;name&gt;\1&lt;/name&gt;&lt;/actor&gt;" dest="5+">
				<expression repeat="yes">class=&quot;actor_link&quot;&gt;([^&lt;]*)&lt;/a&gt;</expression>
			</RegExp>
			<!-- Studio -->
			<RegExp input="$$1" output="&lt;studio&gt;\1&lt;/studio&gt;" dest="5+">
				<expression trim="1">Studio:&lt;/div&gt;.*?&lt;div class=&quot;content&quot;&gt;([^&lt;]*)&lt;/div&gt;</expression>
			</RegExp>
			<!-- Runtime -->
			<RegExp input="$$1" output="&lt;runtime&gt;\1&lt;/runtime&gt;" dest="5+">
				<expression trim="1">Laufzeit ca. ([0-9]*) Minuten</expression>
			</RegExp>
			<!-- Rating -->
			<RegExp input="$$1" output="&lt;rating max=&quot;5&quot;&gt;\1&lt;/rating&gt;&lt;votes&gt;\2&lt;/votes&gt;" dest="5+">
				<expression trim="1">Gesamtwertung: ([0-9.]+) Sterne  bei ([0-9]*) Stimmen</expression>
			</RegExp>
			<!-- Genre Film -->
			<RegExp input="$$1" output="&lt;genre&gt;\1&lt;/genre&gt;" dest="5+">
				<expression repeat="yes">&lt;a href='/genrelist.php/.*?&gt;([^&lt;]*)&lt;/a&gt;</expression>
			</RegExp>
			<!-- Set -->
			<RegExp input="$$1" output="&lt;set&gt;\1&lt;/set&gt;" dest="5+">
				<expression trim="1">Filmreihe:&lt;/div&gt;.*?&lt;div class=&quot;content&quot;&gt;(.*?) - &lt;a</expression>
			</RegExp>
			<!-- Tagline -->
			<RegExp input="$$1" output="&lt;tagline&gt;\1&lt;/tagline&gt;" dest="5+">
				<expression trim="1">class=&quot;long_name&quot;&gt;([^&lt;]*)&lt;/p&gt;</expression>
			</RegExp>
			<!-- Plot -->
			<RegExp input="$$1" output="&lt;plot&gt;\1&lt;/plot&gt;" dest="5+">
				<expression trim="1">&lt;div class=&quot;txt movie_description movie_description_short&quot;&gt;(.*?)&lt;/div&gt;</expression>
			</RegExp>
			<!-- Trailer -->
			<RegExp input="$$1" output="&lt;url function=&quot;GetTrailer&quot;&gt;http://www.videobuster.de\1&lt;/url&gt;" dest="5+">
				<expression>&lt;a href=&quot;([^&quot;]*)&quot; class=&quot;([^&quot;]*)&quot;&gt;&lt;div class=&quot;tab&quot;&gt;([0-9]+) Trailer&lt;/div&gt;</expression>
			</RegExp>
			<!-- Posters -->
			<RegExp input="$$1" output="&lt;thumb preview=&quot;\1/w400/\2&quot;&gt;\1/w700/\2&lt;/thumb&gt;" dest="5+">
				<expression>src=&quot;(https://gfx.videobuster.de/archive/resized)/w124/([^&quot;]*)&quot;</expression>
			</RegExp>
			<!-- Fanart -->
			<RegExp input="$$1" output="&lt;url cache=&quot;google-\1&quot; function=&quot;ChainTMDBFanart&quot;&gt;http://www.google.com/search?q=site:imdb.com+releaseinfo+\1+\2&lt;/url&gt;" dest="5+">
				<expression trim="1" encode="1">class=&quot;name&quot;&gt;([^&lt;]*)&lt;/h1&gt;.*?Produktion:&lt;/div&gt;.*?&lt;div class=&quot;content&quot;&gt;.*?([0-9]*)&lt;/div&gt;</expression>
			</RegExp>
			<expression noclean="1"/>
		</RegExp>
	</GetDetails>
	<!-- Trailer -->
	<GetTrailer dest="5">
		<RegExp input="$$1" output="&lt;details&gt;&lt;trailer urlencoded=&quot;yes&quot;&gt;\1&lt;/trailer&gt;&lt;/details&gt;" dest="5+">
			<expression noclean="1">mpMovieUrl = &quot;([^&quot;]*)&quot;</expression>
		</RegExp>
		<expression noclean="1"/>
	</GetTrailer>
	<ChainTMDBFanart dest="13">
		<RegExp input="$$1" output="&lt;details&gt;&lt;chain function=&quot;GetTMDBFanartByIdChain&quot;&gt;tt\1&lt;/chain&gt;&lt;/details&gt;" dest="13">
			<expression>/tt([0-9]+)</expression>
		</RegExp>
	</ChainTMDBFanart>
</scraper>
