<?xml version="1.0" encoding="UTF-8" standalone="yes"?>
<addon id="plugin.video.xbmc-czech.CzechTV"
       name="Česká televize - iVysílání"
       version="2.7"
       provider-name="Tomas Pokorny">
  <requires>
    <import addon="xbmc.python" version="1.0"/>
    <import addon="script.module.xbmc-czech.common" version="1.0"/>
  </requires>
  <extension point="xbmc.python.pluginsource" library="default.py">
    <provides>video</provides>
  </extension>
  <extension point="xbmc.addon.metadata">
    <platform>all</platform>
    <summary>Czech TV video-archive plugin</summary>
    <summary lang="cs">Česká televize - iVysílání</summary>
    <description>
        Plugin for plaing videos on http://www.ceskatelevize.cz/ivysilani

        Project page (bugreport, forum, ...) on http://xbmc-czech.sf.net/
    </description>
    <description lang="cs">
        Plugin pro přehrávání videí z webu http://www.ceskatelevize.cz/ivysilani

        Stránka projektu (hlášní chyb, fórum, ...) na http://xbmc-czech.sf.net/
    </description>
  </extension>
</addon>
