<?xml version="1.0" encoding="UTF-8" standalone="yes"?>
<addon id="plugin.video.xbmc-czech.STV"
       name="STV.sk"
       version="1.4"
       provider-name="Tomas Pokorny">
  <requires>
    <import addon="xbmc.python" version="1.0"/>
    <import addon="script.module.xbmc-czech.common" version="1.0"/>
  </requires>
  <extension point="xbmc.python.pluginsource" library="default.py">
    <provides>video</provides>
  </extension>
  <extension point="xbmc.addon.metadata">
    <platform>all</platform>
    <summary>Video plugin for STV.sk</summary>
    <summary lang="en">Video plugin pro STV.sk</summary>
    <description>
        Plugin for playing videos from Slovak TV: http://www.STV.sk/

        Project page (bugreport, forum, ...) on http://xbmc-czech.sf.net/
    </description>
    <description lang="cs">
        Plugin pro přehrávání videí slovenské televize z http://www.STV.sk/

        Stránka projektu (hlášní chyb, fórum, ...) na http://xbmc-czech.sf.net/
    </description>
  </extension>
</addon>

