<?xml version="1.0" encoding="UTF-8" standalone="yes"?>
<addon id="plugin.video.filmy"
       name="filmy.net.ua"
       version="0.0.1"
       provider-name="Tolin">
  <requires>
    <import addon="xbmc.python" version="1.0"/>
  </requires>
  <extension point="xbmc.python.pluginsource"
             provides="video"
             library="default.py">
    <provides>video</provides>
  </extension>
  <extension point="xbmc.addon.metadata">
    <summary>Фильмы на filmy.net.ua  - это огромная коллекция фильмов</summary>
    <description>Фильмы на filmy.net.ua - это огромная коллекция фильмов в высоком качестве, бесплатное скачивание по прямым ссылкам, высокая скорость загрузки, скриншоты к фильмам, постоянные обновления, биографии актеров, фото.</description>
    <platform>all</platform>
  </extension>
</addon>
