<?xml version="1.0" encoding="UTF-8"?>
<addoninfo>
    <!-- (required) guuid: unique identifier of this addon
    guuids can be generated online at sites such as http://www.famkruithof.net/uuid/uuidgen -->
    <guid>794f67c0-1686-11df-8a39-0800200c9a66</guid>

    <!-- (required) type:
    1:  visualization
    2:  skin
    3:  pvrdll
    4:  script
    5:  scraper
    6:  screensaver
    7:  plugin-pvr
    8:  plugin-video
    9:  plugin-music
    10: plugin-program
    11: plugin-pictures
    12: plugin-weather -->
    <type>8</type>

    <!-- (required) Title -->
    <title>xbVOD</title>

    <!-- (required) Major.minor.build -->
    <version>0.0.425</version>

    <!-- (required) author name & email.  at least one author name is required -->
    <authors>
        <author name="Itay Weinberger" email="itay.weinberger@gmail.com" />
    </authors>

    <!-- (required) Short description of addon. -->
    <summary>Israel's VOD service directly from within XBMC</summary>

    <!-- Longer descrption of addon.  Usage instructions should go here if required. -->
    <description>xbVOD is a video plugin for Israel VOD sites</description>

    <!-- user defined tags e.g. <tags><tag>Example</tag></tags> -->
    <tags>
        <tag>http://xbvod.googlecode.com//</tag>
        <tag>xbmcblog.com</tag>
        <tag></tag>
    </tags>

    <!-- minimum revision of xbmc your addon will run on.  Leave blank all revisions-->
    <minrevision></minrevision>

    <!--patforms compatible with your addon.   xbox, osx, windows, linux, or all -->
    <platforms>
        <platform>all</platform>
    </platforms>

    <!--list any dependancies (such as another addon,  your addon may have.  minversion and maxversion are optional-->
    <dependencies>
        <dependency minversion="" maxversion=""></dependency>
    </dependencies>

    <!-- (optional) Whatever is put in disclaimer will be shown before download in an ok/cancel dialog.
    Keep it short and to the point. -->
    <disclaimer>Important! Please make sure you check the script settings.</disclaimer>

    <!-- (optional) The License the addon is released under.-->
    <license>GPL</license>
</addoninfo>