<?xml version="1.0" encoding="UTF-8" standalone="yes"?>
<addon id="plugin.video.GulliReplay"
       name="Gulli Replay"
       version="2.0.0"
       provider-name="JUL1EN094">
  <requires>
    <import addon="xbmc.python" version="2.1.0"/>
    <import addon="script.module.parsedom" version="2.5.1"/>
  </requires>
  <extension point="xbmc.python.pluginsource"
            library="default.py">
        <provides>video</provides>
  </extension>
  <extension point="xbmc.addon.metadata">
    <platform>all</platform>
    <summary>Gulli Replay</summary>
    <summary lang="fr">Gulli Replay</summary>
    <description>Catchup TV from Gulli.fr</description>
    <description lang="fr">Gulli Replay : Retrouvez le meilleur des programmes de Gulli</description>
  </extension>
</addon>
