﻿<?xml version="1.0" encoding="UTF-8" standalone="yes"?>
<addon id="plugin.video.rbk.no"
       name="RBK.no"
       version="3.0.9"
       provider-name="spiff">
  <requires>
    <import addon="xbmc.python" version="2.1.0"/>
    <import addon="script.module.beautifulsoup" version="3.0.8"/>
  </requires>
  <extension point="xbmc.python.pluginsource"
             provides="video"
             library="default.py">
    <provides>video</provides>
  </extension>
  <extension point="xbmc.addon.metadata">
    <summary lang="en">See videos from RBK.no</summary>
    <summary lang="hu">Videók az RBK.no-ról</summary>
    <summary lang="pt">Veja vídeos de RBK.no</summary>
    <description lang="en">See videos from RBK.no, the homepage of Rosenborg, the football club.</description>
    <description lang="hu">Videók lejátszása az RBK.no webhelyről. Ez a Rosenborg futball klub honlapja.</description>
    <description lang="pt">Veja vídeos disponíveis em RBK.no, casa do clube de futebol Rosenborg.</description>
    <platform>all</platform>
    <language>no</language>
  </extension>
</addon>
