<?xml version="1.0" encoding="UTF-8" standalone="yes"?>
<addon id="plugin.video.walla.video" name="walla" version="1.7.0" provider-name="shmulik">
    <requires>
        <import addon="xbmc.python" version="1.0"/>
    </requires>
    <extension point="xbmc.python.pluginsource" library="Default.py">
        <provides>video</provides>
    </extension>
    <extension point="xbmc.addon.metadata">
        <platform>all</platform>
        <minversion>31632</minversion>
        <summary>Wacth Walla contents.</summary>
        <description>Wacth Walla contents (inculde Yes, Nickoldeon and Viva).</description>
        <disclaimer>This addon parse Walla site, you should check Walla's TOS before you using. It's as is</disclaimer>
        <supportedcontent>
          <content>tvshows</content>
          <content>episodes</content>
          <content>movies</content>
        </supportedcontent>	
    </extension>
</addon>
